Gene symbol,GSM1686438,GSM1686442,GSM1686436,GSM1686440,GSM1686444,GSM1686437,GSM1686441,GSM1686445,GSM1686435,GSM1686439,GSM1686443,Variance
EVPLL,13.2754,13.3061,13.632,13.4108,7.77172,13.5807,13.9467,8.109,13.8341,13.2789,8.46167,6.477859106
H3F3AP4,12.899,13.0821,13.3322,12.6082,7.73218,12.4989,12.9298,7.573,12.9504,12.5187,7.44919,6.117769486
LINC00608,12.6427,12.976,12.6309,12.6156,7.50483,12.6969,12.6532,7.43183,12.2396,11.7447,6.97236,6.063496725
LSP1P3,13.3342,13.0342,13.1695,13.397,7.84621,13.3393,13.3911,8.11474,13.1987,13.1052,8.16028,5.931740113
CC2D1B,12.7116,12.6974,12.7301,12.4928,7.33087,12.7681,13.5238,7.78854,12.7675,12.9689,7.94664,5.859712798
ZCCHC18,12.8584,13.0079,12.9581,12.6641,7.64296,13.0067,13.5644,8.06543,13.1165,13.0477,8.00069,5.787208675
RPLP1,13.8825,13.6484,13.9738,13.8395,8.6949,13.9379,13.9584,8.74119,13.8283,13.95,8.96841,5.633687511
UBA5,12.3629,12.5066,12.7332,12.2914,7.28154,12.3348,12.7673,7.47102,12.6807,12.4728,7.61133,5.62534292
AMY1A,13.5932,13.7159,13.2914,13.4012,8.28455,13.7974,14.0945,8.95179,13.4562,13.4983,8.60016,5.509654889
PLXNA4,13.0267,13.0079,13.0505,12.9158,8.01009,13.3288,13.5186,8.214,13.1077,13.1062,8.14479,5.505062937
ECRP,12.5407,12.3455,12.006,12.3265,7.41304,12.7279,12.2701,7.47244,11.976,12.6043,7.31459,5.397311958
CLDN24,11.881,11.8391,11.8732,12.088,7.05822,12.057,12.4643,7.07747,11.8084,11.7665,6.98716,5.342776346
RPL23AP64,14.0579,13.9314,14.0078,13.9607,9.10772,13.7769,14.0083,8.80809,13.7172,13.6202,9.01454,5.278740949
PTMA,12.6225,12.6846,12.9881,12.2474,7.61096,12.9311,13.0212,7.94277,12.861,12.4413,8.00494,5.241175388
RAMP2-AS1,14.3637,14.1672,13.9313,14.4391,9.31636,14.5072,14.6278,9.41533,14.1917,14.1838,9.71965,5.108133403
HSPA1A,12.9262,12.7582,12.6547,12.4214,7.74965,12.6729,12.6082,7.72617,12.2035,12.1817,7.80641,5.060424
CAPZA1,11.6826,12.0704,11.9303,11.387,7.18341,11.8206,12.2188,6.97379,11.9555,11.6829,7.02251,5.042344105
UQCRH,12.4449,12.6031,12.6948,12.2967,7.38904,12.518,12.7715,7.92405,12.651,12.3407,8.06151,4.965205929
TMEM251,12.8779,12.7185,12.7615,12.582,7.78374,12.8454,12.9999,7.86547,12.7523,11.9609,8.2475,4.947411496
LOC283332,12.4194,12.3655,12.1494,11.6722,7.51241,12.2295,12.2907,7.28053,12.1098,11.9251,7.50038,4.894535909
DCAF13P3,12.8087,13.012,13.1317,13.245,8.42942,13.0723,13.5252,8.28846,12.8949,13.1853,8.45491,4.893655751
PCBP4,12.8138,12.6854,12.548,11.865,7.88805,13.1255,13.019,8.01506,12.857,13.0004,8.28355,4.892708298
GALT,14.6828,14.2929,14.3106,14.2572,9.64352,14.8449,14.5127,9.70577,14.3787,13.9887,9.78857,4.862327665
CRK,12.8871,12.7951,12.9358,12.8536,8.09595,13.2056,13.4143,8.3926,13.3365,12.9027,8.56605,4.850373999
LINC01018,12.7475,12.6355,12.5081,12.844,7.96414,12.7531,13.0744,8.02264,12.3809,13.0004,8.16072,4.847434984
OR8U9,11.97,11.6993,11.863,12.0229,7.33094,12.1186,12.4138,7.38681,12.0078,11.9948,7.30443,4.789274731
MEOX2,11.5052,11.4901,11.5469,11.8137,6.93617,11.4411,11.838,7.0913,11.432,11.649,6.87518,4.681493984
TNFSF14,12.6112,12.4868,12.8742,12.0769,8.05704,12.6328,12.5719,7.77105,12.6847,12.2328,7.93792,4.665291535
FBXO21,11.8247,11.4119,11.6733,11.804,7.02208,12.0077,12.2141,7.4788,11.7303,11.788,7.15046,4.645700355
LOC100132781,13.0553,12.812,12.9975,12.6721,8.20023,13.1389,13.1826,8.28094,13.457,12.8816,8.85754,4.640807854
KDELR2,12.1646,12.2572,12.3991,11.7881,7.57533,12.1694,13.0628,7.74411,12.3463,12.5701,8.07609,4.617335669
MAP3K14-AS1,13.325,13.2825,13.2374,13.5296,8.60491,13.3746,13.6385,8.83506,13.1801,13.5953,8.99345,4.613422891
MSL3,12.6749,12.8842,13.0194,12.6127,8.38009,12.9891,13.0713,8.3828,12.9129,12.7448,8.14205,4.564487508
FRG2DP,11.7338,11.6928,11.7205,11.6599,7.25369,11.7867,12.008,7.20239,11.8935,11.591,7.14247,4.552447175
LOC440040,13.3738,13.4576,13.5018,13.4001,8.80816,13.214,13.7099,8.88364,13.2498,13.2032,8.81618,4.543305772
AADACP1,12.8836,13.2132,13.3079,13.067,8.36285,14.1242,14.4319,9.64833,14.0521,13.8751,9.68045,4.543186273
MRPL35,11.8802,11.8676,11.8659,11.575,6.87522,11.0729,11.0258,6.7505,10.9518,10.7349,7.06633,4.531222217
PERP,12.5192,12.5632,12.5087,12.2867,8.37141,10.8077,10.9994,6.96755,10.5024,10.363,6.98507,4.525223362
SUMO2,12.5286,12.6614,12.9711,12.1995,8.37351,12.2154,12.7595,7.79341,12.4736,12.3445,7.93728,4.456919905
GOLGA8O,13.4731,13.3395,13.4316,13.6268,8.91955,13.5652,13.8784,9.23999,13.3232,13.3614,8.87968,4.424669839
MTFR1L,11.7811,11.6261,11.9004,12.1541,7.43493,11.7572,12.2955,7.56971,11.9146,11.8744,7.30831,4.406188852
LOC146880,10.5154,10.847,10.7481,10.2627,6.57766,11.9964,12.4282,7.43577,12.1439,12.0571,7.58104,4.384913281
PPP2R5C,11.397,11.377,11.4223,11.2933,7.16386,11.4375,11.8169,6.75592,11.5224,11.5271,7.11731,4.370982956
FAM226B,13.4245,13.4242,13.3644,13.6136,8.97843,13.4776,13.8959,9.21829,13.4431,13.3194,8.92823,4.356080815
ANXA2P1,12.1837,11.8498,11.9943,11.4951,7.28257,11.7265,11.5705,7.10719,11.2858,11.1281,7.30965,4.355436998
LOC100131257,11.9422,12.2593,11.9986,12.0806,7.57499,12.0046,12.4613,7.58947,11.8745,12.0947,7.79718,4.320766218
SNORA36A,12.9516,12.9833,12.6811,12.8245,8.34867,13.0635,13.1848,8.4451,12.8279,13.0585,8.73846,4.320327797
ARL17B,12.5755,12.6191,12.57,12.3507,7.8599,12.8624,12.643,8.45037,12.1876,12.0968,7.90934,4.319972337
CCDC175,12.4719,12.5464,12.1501,12.3528,8.04262,12.1907,12.4933,7.94316,12.1799,12.0417,7.82867,4.184329214
LINC00240,11.4239,11.551,11.7057,11.0091,7.07254,11.4705,11.5862,7.05507,11.4756,11.5657,7.2506,4.155865461
SLC22A23,13.8862,13.4914,13.8672,13.5488,9.17447,13.9936,13.7844,9.354,13.7733,13.3814,9.63856,4.12825651
LOC644189,10.7891,10.9466,10.5192,10.8593,6.62421,11.1844,11.4253,6.73084,10.4963,10.9855,6.43951,4.112091715
LOC100133315,11.7225,11.4149,10.7963,11.7782,7.0682,11.2991,11.8126,7.00366,10.8249,11.426,7.24082,4.112067456
ARAP1,12.107,11.869,12.0999,12.1507,7.52925,12.1689,12.2809,7.87276,11.7611,11.8733,7.77792,4.086391228
YWHAEP1,12.4619,12.2672,12.3195,12.4822,7.95306,12.5093,12.9144,8.20549,12.3594,12.5036,8.41827,4.044369826
TCF24,11.0556,11.0609,10.8789,11.0455,6.64983,10.8784,10.9959,6.79316,10.5693,10.7434,6.40998,4.036652501
FAM167A-AS1,12.2022,11.6722,12.0765,11.4473,7.60676,10.8511,10.4746,6.94069,10.6192,10.3792,6.87231,4.028013216
PTGES3,11.9472,12.2927,12.2246,11.8008,7.63242,12.5263,12.838,8.33855,12.8157,12.1987,8.34545,4.027183161
KPNA2,10.3516,10.6645,10.451,10.1783,6.69011,11.6401,12.0282,7.13622,11.6688,11.9283,7.38446,4.010344546
HACD4,12.256,12.3197,12.0887,12.121,7.68939,12.3903,12.4709,8.33203,11.5909,12.0078,7.7266,4.001570333
NEIL3,13.0284,12.7652,12.9385,13.0591,8.79201,12.5766,12.8897,8.36487,12.6862,12.3158,8.44571,3.99220211
RYK,11.1861,11.3301,11.8369,11.5356,7.13241,11.225,11.87,7.17952,11.4131,11.5721,7.47125,3.966707194
G3BP1,10.9341,11.1168,10.913,10.0444,6.78683,10.9824,10.9826,6.70148,10.8188,10.8091,6.39564,3.928401442
THOC2,14.516,14.1818,14.3288,14.077,9.97551,14.5823,14.396,9.88823,14.3989,13.9214,10.4199,3.910813367
LOC284648,11.3543,11.7427,11.6411,11.9754,7.45286,11.409,11.7451,7.4352,11.3708,11.498,7.26318,3.900487321
BASP1P1,11.0355,11.0455,11.197,10.6803,6.79168,10.9292,10.866,6.84234,11.276,10.7038,6.65539,3.889295155
FCGR3B,13.2404,13.0856,13.1906,12.9768,8.88735,13.3706,12.9944,8.80404,13.0159,13.0107,9.00761,3.885114503
FLVCR1-AS1,11.7924,11.8526,11.7072,11.8022,7.5946,12.0417,12.0137,7.56873,11.648,11.8232,7.71342,3.880355154
HAPLN3,12.7327,12.7142,12.5889,12.3537,8.17885,12.7949,12.9685,8.90172,12.0967,12.3431,8.2043,3.841597944
TMPO-AS1,14.4513,14.17,14.2843,13.9789,10.2438,14.4557,14.386,9.72003,14.2,13.901,10.2558,3.816055516
C11orf91,11.627,11.5293,11.3678,11.504,6.99231,11.604,11.7114,7.50347,11.3962,11.367,7.60475,3.784547126
HSPE1,11.2523,11.3307,11.6524,10.0756,6.84594,11.9483,11.9615,7.97556,12.0519,11.7823,7.85231,3.773154834
SYPL2,11.9899,11.7574,12.0485,11.733,7.73019,12.2049,12.3136,7.90274,12.2639,11.9057,8.03953,3.772218396
HNRNPKP3,12.5641,12.5335,12.5206,12.249,8.35863,12.8082,12.6721,8.32929,12.52,12.5952,8.56007,3.76362836
CCZ1B,11.29,11.4719,11.2944,11.1254,7.16643,11.3295,11.5805,7.18464,11.2987,11.268,7.21949,3.756752881
FNDC3B,12.0603,12.2175,11.7018,11.9635,7.85587,12.5376,12.9881,8.47357,12.2538,12.8715,8.49928,3.740704089
MOXD2P,12.1036,12.1113,12.3757,11.5909,7.85018,12.1093,12.1947,7.94767,11.7278,12.0851,7.97655,3.736080321
NANOGNB,11.5377,11.6787,11.7736,11.0485,7.73912,12.1965,12.283,7.71876,12.2923,11.8483,7.85701,3.726347236
YPEL5,13.172,12.9436,12.5696,12.7889,8.68007,13.1393,13.1842,9.15826,12.3385,12.7878,8.53198,3.710532902
BNIPL,11.0475,10.9475,11.2433,11.4735,11.3327,7.51035,7.96035,7.37451,7.30916,7.4204,7.72733,3.699241713
LOC100130476,11.6527,11.4755,11.4741,10.7623,7.33815,11.5339,11.8344,7.32272,11.3814,11.4052,7.47983,3.664993075
PRKAR1A,11.8325,12.1976,12.2326,11.8337,8.211,11.3007,11.6244,7.39545,11.3661,11.1617,7.45434,3.657320169
AMY1B,11.4912,11.7895,11.1261,11.4596,7.24359,11.7558,12.261,7.81234,11.2489,11.5097,7.58331,3.654706542
HMGB2,10.4546,10.5417,10.8336,10.1271,7.35543,11.9049,12.2921,7.78881,12.4158,12.1181,7.79315,3.59744523
BPIFA4P,12.1481,12.339,12.4312,12.2879,8.42067,12.3523,12.7401,8.19334,12.0787,12.6353,8.40838,3.59219368
FGF14-AS2,11.5172,11.7856,11.48,11.2184,7.65111,11.916,11.8605,7.60491,10.913,11.1383,7.21836,3.573468265
SBDS,11.4604,11.4079,10.8169,10.7353,7.30178,11.477,11.6711,7.29456,10.9306,10.9288,6.96864,3.572503528
SUMF2,14.3016,14.0854,13.9369,14.1482,10.0113,14.1769,14.2668,9.95089,14.0171,13.7451,10.211,3.565385019
CBY3,12.0242,11.9902,11.6018,11.882,7.83935,12.5096,12.8674,8.3941,12.1241,12.4844,8.45151,3.555375196
NLGN2,11.6213,11.656,10.9715,11.2989,7.08125,11.5202,11.9073,7.65146,11.5069,11.4434,7.76932,3.553343771
VPS13A-AS1,10.6566,11.159,11.1417,10.4218,6.84625,11.2185,11.1862,6.97406,10.9961,10.6792,7.00424,3.541036394
UMAD1,13.2236,13.2275,13.4397,12.5813,9.34845,13.4686,13.5142,8.67053,13.2933,13.1246,9.81872,3.540962421
SIGLEC9,14.3123,13.9996,13.9958,13.7227,10.0939,14.1919,13.7492,9.83195,13.8472,13.8449,9.9726,3.510791051
ARMT1,10.9088,11.6269,11.3534,10.927,7.33895,10.8351,11.2436,7.1691,11.6655,11.2982,7.29407,3.503343089
NDUFB9,11.1598,11.4386,11.1932,11.1475,7.07858,11.0785,11.6834,7.41211,11.046,11.2001,7.31509,3.484782728
C7orf72,11.693,11.7412,11.6119,11.3027,7.3858,11.8973,11.912,8.14271,12.115,11.1558,7.70094,3.479678042
LOC646626,13.4606,13.7785,13.7251,13.7278,9.9933,13.6191,13.56,9.27977,13.2471,13.0241,9.43865,3.476185599
LZTS1,14.021,13.8571,14.0042,14.0409,10.0334,14.1658,14.2957,9.87238,13.843,13.8483,10.2092,3.464892773
YY1,11.0405,11.4275,11.4846,10.9207,7.18532,11.0981,11.4083,7.2404,11.4544,11.1051,7.41624,3.462299952
EPCAM,11.7811,11.7797,12.0429,11.1438,7.8965,11.9826,11.7922,7.73369,12.2132,11.6091,7.92933,3.462050059
SEMA3C,10.9832,11.5433,11.0501,10.2629,7.17263,11.2713,11.8148,7.53474,11.6272,11.4651,7.41993,3.453422032
ZNF738,12.113,12.3627,12.608,12.0417,8.29739,12.1045,12.5153,8.15561,12.1172,11.876,8.35665,3.446218398
DKFZp779M0652,12.4022,12.253,12.3334,12.4364,8.57515,12.3717,12.8141,8.1408,12.4966,12.2664,8.70382,3.441255085
KYNU,14.1095,13.8502,13.9718,13.8278,9.86569,14.2518,13.9991,9.90704,13.7841,13.7793,10.2109,3.435094824
LOC727896,12.4086,12.5379,12.4909,12.3155,8.37337,12.715,12.8427,8.7823,12.5544,12.9595,8.83983,3.429958511
NHP2,12.0265,11.9265,11.9686,12.1166,7.6148,12.0625,12.2239,8.32051,11.9796,11.7282,8.26153,3.429827207
MGAT5,12.9314,13.2291,12.9689,13.5324,9.38231,12.8963,13.7874,9.25183,13.1357,12.6715,9.13479,3.394103821
PNPT1,13.3756,13.5129,13.1418,13.079,9.15954,13.5599,13.6651,9.90489,13.0191,13.0376,9.15364,3.39107382
MCTS1,10.7124,10.8709,10.655,10.3966,6.53719,11.0491,11.135,7.09043,10.9117,10.6458,7.04865,3.386685364
CCKBR,12.1583,12.1903,11.9306,12.4055,8.20852,12.2683,12.6838,8.21164,12.1062,12.5752,8.77064,3.37136984
RAD21,10.629,10.7183,11.0717,10.4653,6.80208,11.1693,11.5017,7.44975,11.4253,11.4377,7.35813,3.370733951
SPTSSB,11.839,12.6677,12.0924,12.1084,8.32115,11.7304,12.1068,7.96466,12.0907,11.9679,8.2641,3.366452102
CEACAM6,8.45283,8.82024,9.43207,9.20081,9.23928,12.2443,12.5834,12.4578,12.457,12.4612,12.7992,3.364477556
CDKN1B,11.0084,11.4268,11.4727,10.9153,7.25942,10.624,11.0324,7.27361,11.1413,11.064,7.04844,3.359837296
OR56A5,11.2992,11.4844,11.5489,11.3083,7.48265,11.5247,11.9234,7.63787,11.3868,11.6312,7.72845,3.345417186
WSB2,10.4634,10.6599,10.4596,10.4054,6.67685,11.0347,11.1829,7.11908,11.2065,11.2856,7.17593,3.342885666
S100A13,10.6161,10.9396,11.0319,10.8279,7.01862,10.925,11.5097,7.45596,11.4379,11.499,7.41559,3.246028165
USP8,10.4266,11.0259,10.9616,10.0507,6.95428,10.5214,10.7028,6.56525,10.6644,10.2669,6.80984,3.23724788
TCAF2,11.7766,12.1243,12.0482,11.9777,8.04157,12.1462,12.3854,8.57247,11.6004,11.8861,7.93313,3.232798721
ZNF385B,11.659,11.8821,12.0255,11.1645,7.80627,12.1522,11.9757,8.13529,11.9787,11.8797,8.16707,3.230469051
RHEB,10.5899,10.4279,10.6795,10.4389,6.83759,10.6613,10.698,6.81846,10.5677,10.6153,6.58183,3.226837176
FAM182B,13.7969,13.705,13.6653,13.9184,9.77395,14.0208,14.1689,10.2276,13.7094,13.645,10.0128,3.225816373
OLMALINC,12.0352,11.9926,12.0051,11.7387,8.06788,12.1603,12.3743,8.31182,12.3287,11.6425,8.28728,3.220825199
TRIP4,13.7476,13.6762,13.6296,13.9112,9.9851,13.8143,14.1472,9.7028,13.7275,13.8965,10.3339,3.208822373
HNRNPC,11.925,11.5215,11.3497,11.4929,7.79075,11.977,11.9185,7.94286,11.8624,11.6865,7.98916,3.207492467
H19,7.35772,8.18362,8.36898,8.35592,9.3593,11.0584,11.3123,11.6707,11.5664,11.1475,12.5773,3.201756504
ZFP36L1,11.3979,11.4126,12.0473,11.5085,8.01069,11.3155,10.902,7.43947,11.3014,10.5784,7.28095,3.196797272
ADAMTS7,12.1318,12.3239,12.3416,12.2194,8.45238,13.4332,13.5686,9.52285,13.4395,13.1023,9.67726,3.19155295
BTNL10,10.5617,10.8584,10.2454,10.7815,7.11447,10.9708,11.5248,7.35398,11.1827,11.5243,7.22711,3.169069927
ARL6IP1,10.0319,10.3223,10.5272,9.97273,6.46996,10.6121,10.8541,6.82495,10.7325,10.5126,6.75585,3.164885983
NR1H3,13.7237,13.4608,13.1185,13.5253,9.68451,13.7593,13.8002,10.0515,12.9083,13.3121,9.37875,3.156638015
LGALS3,12.081,12.3758,12.2813,12.0064,8.33641,12.3691,12.6488,8.38271,12.2946,12.4846,8.9221,3.153060662
SBF1P1,11.9938,12.0579,11.7974,12.135,8.10004,12.3857,12.6622,8.55008,12.1272,12.2769,8.60152,3.152062023
FAM170A,10.1988,10.3104,10.7753,9.55137,6.04061,10.0677,10.2233,6.92551,9.7692,9.26197,6.07669,3.151028362
ACTR3,11.1474,11.4363,11.0756,10.0721,7.41159,10.7519,11.2467,7.1334,10.97,10.4446,7.00999,3.150346792
RPL23AP87,13.774,13.6933,13.8596,13.3095,10.2798,13.7994,14.1776,9.37872,13.6725,13.5744,10.3287,3.146795122
RHBDD2,11.9486,12.0759,12.1476,11.6399,8.43181,13.3553,13.7309,9.26563,13.3757,13.1456,10.0561,3.145865123
LINC01142,12.0026,12.288,12.5004,12.3529,8.55835,11.7263,12.2687,8.16729,11.9335,11.9723,8.39855,3.132882358
LOC100130673,13.2926,13.0928,12.8515,13.1181,9.32793,13.4096,13.4395,9.61133,12.5285,12.8169,9.08087,3.118352111
FTH1P3,13.2641,13.0999,13.3092,13.0149,9.30635,13.3993,13.4275,9.30993,13.0485,12.9819,9.68306,3.116213389
LOC100288123,10.8122,11.0262,11.1856,10.9633,7.23546,10.715,11.1589,7.17659,10.7478,11.2015,7.25208,3.104372845
TOP1P2,10.3905,10.7528,10.4494,10.2701,6.96856,10.4999,10.8038,6.88817,10.4461,10.0542,6.343,3.09188628
ZNF735,12.4255,12.2846,12.3278,12.6758,8.40593,12.428,12.7825,8.85889,12.4008,12.1842,8.83952,3.088091405
RPL23AP7,14.2966,13.9631,14.1316,14.1194,10.3153,14.3884,14.3426,10.2472,13.9521,13.9556,10.6436,3.08633115
PCSK6,9.91715,10.5319,10.6244,9.83352,6.57698,10.1646,10.3937,6.46215,10.6119,10.2183,6.67031,3.082078388
EIF3M,11.7562,11.9667,11.9491,11.3745,7.9589,11.7204,11.8899,8.0717,11.7874,11.4678,7.97619,3.080070144
STAG2,11.383,11.5484,11.4723,11.4371,7.55664,11.0619,11.3227,7.46751,11.1632,10.8917,7.6384,3.074184753
TSPAN13,11.526,11.6494,11.7085,11.3231,7.75717,11.2836,11.8526,7.74958,11.5923,11.627,7.99835,3.073545738
RPSAP9,11.4472,11.5557,11.6688,11.2251,7.75144,11.3369,11.4636,7.56298,11.4347,11.3012,7.75516,3.067247672
FAM49B,10.0046,10.2959,10.7939,9.77136,6.79908,10.6094,10.7268,6.73488,11.1621,10.4137,6.91818,3.056914192
EVA1A,13.6425,13.4908,13.6732,13.2168,9.70029,13.9522,13.8594,9.79413,13.7188,13.5773,10.3062,3.056663884
YY1P2,12.511,12.5463,12.4341,12.3264,8.79817,12.7488,12.8625,8.49888,12.6371,12.6697,9.3856,3.045003751
EYS,14.6701,14.4182,14.4601,14.3732,10.5099,14.9492,14.6382,10.8769,14.459,14.1824,11.0632,3.043595562
FGD5P1,12.6558,12.3679,12.8287,12.6265,9.00992,12.7647,12.8948,8.62721,12.8702,12.7381,9.41962,3.03778916
ACER2,10.6819,10.711,10.7456,11.1723,6.97558,10.4299,11.0193,6.99577,10.3643,10.8133,7.16023,3.037459867
ENTPD6,11.2122,11.0909,11.0162,11.1265,7.52918,11.5158,11.4876,7.41401,10.9385,11.1832,7.51975,3.032039412
ABHD5,13.3718,13.3685,13.7051,13.407,9.86425,13.8163,13.9074,9.56215,13.6923,13.7547,10.4104,3.027496245
RPL23,13.7263,13.6512,13.5944,13.3862,9.98308,13.7292,13.7776,9.55161,13.4966,13.279,10.1054,3.026198813
DCAF13,10.464,10.6959,10.457,9.7285,6.6523,10.7419,11.3187,7.30994,10.9552,10.7699,7.12588,3.01812747
LOC100130880,10.5783,11.5079,11.9905,10.7155,7.10892,9.99426,11.1818,7.80706,11.1092,10.4899,7.36448,3.006042438
RPL21P28,13.95,13.7823,13.9391,13.9401,10.1731,14.0727,14.0348,9.84095,13.8683,13.6035,10.6545,2.997389412
LSM5,10.4888,10.7852,10.7995,9.92934,6.90327,10.9858,11.1686,7.21176,10.9091,10.876,7.20493,2.992599552
UQCRQ,10.3545,10.4269,10.2077,10.8024,6.7209,10.5749,11.1661,7.42473,10.4752,11.1914,6.9247,2.990723392
HMGB1,9.15985,9.77681,9.85076,8.68723,6.51278,10.2877,10.8495,6.87839,10.9503,10.2823,6.34632,2.967611149
ANKRD34C-AS1,15.0237,14.59,14.627,14.6556,11.211,14.787,14.5958,10.5893,14.7321,14.3394,11.2557,2.961322366
SLBP,10.1554,10.661,10.0929,9.75368,6.81018,11.0553,11.2389,7.3852,11.1219,11.3,7.28843,2.959762945
FZD6,10.188,10.5796,10.4199,9.84789,6.43756,9.91932,9.87432,6.38522,10.1736,9.91031,6.60352,2.944033794
UQCRBP1,13.9307,13.704,13.8854,13.9002,10.0558,13.4724,13.6748,9.93117,13.3272,13.2567,10.0615,2.921557959
HIF1A,10.2278,10.5668,10.3583,9.74919,6.48497,10.4288,10.5182,6.79936,10.2423,10.189,6.6965,2.917948644
CNBP,11.8749,12.0743,12.1762,11.6922,8.08388,12.3526,12.6542,8.84272,12.5013,12.0311,8.83471,2.910337108
TATDN1,11.0577,11.233,11.4512,10.8014,7.36442,10.919,11.2493,7.41434,10.9325,10.832,7.54812,2.893935246
RFPL4A,11.0583,10.8832,10.9414,10.6848,7.38824,11.4203,11.3792,7.45402,11.0944,11.093,7.52352,2.892627984
KCNIP4,13.5846,13.6535,13.8564,13.3742,9.92889,13.7187,13.8212,9.7797,13.7787,13.2876,10.3685,2.89029862
LUC7L3,10.083,10.5694,10.6597,10.1724,6.67549,9.98533,10.5776,6.47394,10.1994,9.88465,6.87022,2.886349012
HIST1H2BD,12.5456,12.6461,12.7788,12.7392,12.6566,9.65891,10.3909,8.88589,9.70195,9.23064,9.17439,2.878744602
TSC22D1,10.6624,10.6285,11.1801,10.5318,7.10323,9.50815,9.39817,6.75915,10.095,9.73131,6.50346,2.864293315
Mar-10,11.1473,11.223,10.9583,11.1288,7.43261,11.7162,11.909,8.00323,11.3051,11.4747,7.9549,2.85887473
LOC100133669,9.71737,10.0045,10.2401,10.1506,6.79366,10.4025,10.8175,6.74897,10.6301,10.5142,6.72572,2.843797818
DAPP1,14.0763,13.9558,13.6975,13.8004,10.206,14.2112,14.0694,10.6675,13.4735,13.5,10.0117,2.829989652
NLRP8,13.0664,13.1804,13.0054,12.9121,9.27056,13.2748,13.4042,9.98438,12.4606,12.5776,9.12614,2.828134546
GOLGA6L6,13.4298,13.1581,12.8999,13.1582,9.51511,13.583,13.4966,9.90117,12.6636,12.9238,9.46053,2.816898298
GNA13,10.2348,10.562,10.6906,10.2547,6.97687,10.1825,10.8179,6.66061,10.3912,10.3542,6.98721,2.811022716
PMS2,11.9477,11.7681,11.5769,11.9031,8.1748,12.1083,12.2095,8.21365,11.886,11.7605,8.61172,2.807637001
ACTG1P4,10.519,10.5833,10.2211,10.0746,6.74474,10.4668,10.833,6.84226,10.3525,10.2921,6.99641,2.802085043
LINC01003,9.52986,9.78499,9.70144,9.41015,6.72612,10.8582,11.3343,7.18867,10.9167,11.0126,7.17881,2.799275407
VPS41,11.6705,11.7983,11.5374,11.2168,8.35706,11.6622,11.7087,7.95227,10.8949,11.2441,7.54444,2.798472152
IL10,13.9652,13.8864,13.6486,13.892,10.3039,13.9327,14.1191,10.5291,13.4908,13.5597,9.97292,2.788504267
SMCR8,10.2935,10.521,10.2646,10.6756,6.9796,10.7691,11.2096,7.13571,10.2881,10.7079,7.07781,2.787753023
LINC00094,10.3773,10.5242,10.6622,9.64362,6.54158,10.5237,10.4217,7.21571,10.8413,9.93108,6.87365,2.785932324
SNORD51,12.3824,12.4085,12.4626,11.6285,8.52883,13.3601,13.4244,9.73783,13.2463,12.6362,9.83791,2.784246072
MBNL2,9.72006,10.1768,10.225,9.3918,6.65626,10.3945,10.8584,6.92514,10.6094,10.4555,6.71615,2.778847437
MYC,9.29309,9.36206,8.71669,7.95105,6.3394,11.1211,11.2397,7.64543,10.6887,10.2362,7.10425,2.775604019
DMC1,13.7874,13.9501,13.965,13.8171,10.2241,14.0942,14.1513,10.6752,13.6104,13.5938,10.1115,2.772870294
LOC100131532,11.5365,11.8229,11.4853,11.099,8.15404,11.8414,12.0547,8.20968,10.9902,11.2971,7.7155,2.770330507
DKK1,10.1676,10.87,10.2792,10.2757,6.40095,9.04293,9.24066,6.44617,8.9537,8.65752,6.44808,2.76455298
CDH18,9.59023,10.1973,10.1338,10.2809,10.5945,6.74516,7.09235,7.17851,6.79643,7.07248,7.30052,2.745888424
PPP3CA,10.2553,10.5872,10.6267,9.86478,6.79496,9.60254,9.98192,6.64145,9.88353,10.5131,6.62659,2.743022138
UPK3BL,12.1221,11.7018,11.8706,12.2556,8.82962,11.0172,11.1872,7.68014,10.656,10.9441,7.9152,2.737849668
CHRNA5,11.1869,11.1835,11.0941,11.368,7.72073,11.2602,11.4,7.63515,10.9499,11.081,7.62541,2.735271592
UTP3,9.99131,10.5368,10.3149,9.83793,6.7963,10.7072,11.025,7.12793,10.3723,10.1414,6.78315,2.729969706
UBA1,12.328,12.2266,12.4636,11.9848,8.64773,12.5258,12.2096,8.89502,12.4774,11.6984,8.73851,2.699194114
NAA50,10.2125,10.4965,10.4676,9.57656,7.0461,10.7595,10.9694,7.06665,10.829,10.5084,7.04549,2.691805943
PCDHB9,10.5264,10.6935,10.3434,10.1211,7.07175,10.7873,10.7417,7.0718,9.9752,10.1171,6.71679,2.690928779
SNX18,10.637,10.529,10.5702,10.3373,6.93952,10.918,10.9392,7.42878,10.5364,10.6635,7.11295,2.68464586
TYMP,10.1722,10.201,9.9379,10.0366,6.73564,10.319,10.6505,6.83087,9.8226,10.1528,6.49548,2.684124271
DISC1,10.2479,10.6539,10.01,10.1573,6.87931,10.2224,10.2562,6.85137,10.0796,9.56414,6.37461,2.673524021
AIRE,14.4209,14.0697,13.9754,14.0145,10.4985,14.4482,14.3408,11.1054,13.6794,13.7654,10.3693,2.659499577
HNRNPA1P33,12.5892,12.4887,12.7706,12.3626,9.04538,12.5054,12.6515,9.05988,12.7051,12.114,9.05441,2.658350269
ZNF223,11.747,11.7523,11.4757,11.6226,8.13805,12.0407,11.9833,8.28436,10.91,11.3893,8.15011,2.651697926
ZNF486,14.3911,14.2534,14.1102,14.293,10.761,14.4818,14.4546,11.035,13.8427,13.8194,10.4883,2.650598691
MATN1-AS1,11.2986,11.4467,11.5612,11.3257,7.82541,11.6777,11.3397,8.26419,11.1881,11.1752,7.67298,2.645997808
TSKS,13.6098,13.5745,13.5516,13.7601,10.0693,13.7747,13.9854,10.092,13.5637,13.6506,10.5158,2.637314318
CD68,11.5759,11.5395,11.1213,11.3291,7.78198,11.842,12.047,8.42037,10.9908,11.2901,7.99979,2.631697329
KRT13,7.00252,6.64228,6.19939,6.2087,6.80038,9.48501,9.81658,10.5257,8.39031,8.66109,9.82078,2.629822798
CYP1A1,10.8457,9.08669,6.49166,6.30584,6.54733,10.0455,7.13801,7.47316,6.80267,6.48725,6.41341,2.624800841
SH3YL1,10.5805,10.7707,11.0447,10.6986,7.35622,9.45427,9.85494,6.84299,9.74076,9.45883,6.65962,2.61383485
SLC9B1,11.371,11.7412,11.6733,11.3737,8.20536,11.7357,11.9535,8.43578,11.2688,11.1451,7.73528,2.613820053
LOC100131496,13.5445,13.5557,13.2557,13.3786,9.78373,13.8554,13.6618,10.4903,13.1956,13.0255,9.81323,2.613082311
PTPRQ,10.9737,10.7608,10.2816,10.8389,7.28595,10.6651,10.8021,7.08571,10.1745,10.199,7.15432,2.612499095
ATMIN,9.52136,10.0874,10.4692,9.82174,6.43472,10.0788,10.4948,6.91157,10.3325,10.4276,6.9382,2.611677262
CDC14B,14.4865,14.3819,14.2018,14.4651,10.9172,14.3461,14.4345,10.6537,14.2286,13.8345,11.0234,2.610072979
SUMO1,9.57457,10.0717,10.3294,9.26724,6.55832,10.1171,10.4147,6.99753,10.6412,10.2444,6.62986,2.608820232
MICB,6.79275,6.77344,6.62698,6.72293,6.66001,9.69552,10.179,10.35,9.01051,9.55307,9.63357,2.606767244
MAD2L1,7.81696,7.70444,7.92266,7.15569,6.40621,10.2092,9.9962,6.65269,10.4333,10.3386,6.72705,2.604272982
LAMTOR3,10.1721,10.1704,10.4352,9.69951,6.38741,9.94406,10.1194,6.78929,10.3019,10.0194,6.88647,2.601414374
EFTUD1P1,14.0888,13.8688,14.0624,14.3425,10.3689,14.0574,14.2315,10.7707,13.9572,13.865,10.7659,2.588120972
C18orf54,14.453,14.1651,14.1781,14.3052,11.0687,14.4141,14.1884,10.4238,14.0984,14.1239,10.9743,2.586534115
CD36,9.73074,10.1446,10.4713,9.89913,6.87056,10.8738,10.9567,7.4254,11.2809,10.8048,7.41879,2.58319374
STRIP2,11.2048,11.3182,11.1428,11.1033,7.67057,11.5285,11.5308,7.9678,10.6092,10.8127,7.68897,2.571664373
OR13C2,14.5761,14.3153,14.5614,14.5255,11.3177,14.4999,14.5509,10.7871,14.3043,14.2445,11.0272,2.553928934
SYAP1,10.6382,10.8823,10.9165,10.0802,7.04145,10.657,10.8464,7.4648,10.7912,10.3902,7.32758,2.548178317
KCNH2,9.63489,10.1018,10.1805,9.69091,6.78873,9.99141,10.7021,6.89666,10.2876,10.5222,6.68371,2.54626265
RAX2,11.9517,11.8674,11.339,11.7593,8.24995,11.248,11.5692,8.10397,10.8741,11.2459,8.04513,2.544441958
SLC26A4-AS1,11.2405,11.5572,11.9808,11.531,8.2685,10.525,10.9163,7.67827,10.5792,10.5789,7.64019,2.540799439
MIGA1,11.8658,12.0996,12.0665,11.5969,8.26514,12.2156,12.2889,9.05117,11.4276,11.5512,8.3436,2.540718457
PAXIP1-AS2,10.5981,10.3222,10.5676,10.4457,6.79868,9.27996,9.35307,6.54647,9.38652,8.96592,6.70861,2.531917011
MTMR9LP,11.5895,11.654,11.6822,11.5901,8.26795,11.4437,11.8295,7.91824,11.5685,11.3759,8.43266,2.528120703
ELMOD3,10.4681,10.5606,10.4796,10.4092,6.96234,9.81084,10.1706,6.84911,10.1089,10.1962,6.89595,2.526873159
IL17RD,12.337,12.6539,12.6986,12.3655,9.16758,12.593,12.932,9.37309,12.266,12.1996,8.89303,2.521229296
MAP4K3,12.0042,11.7314,11.7112,10.8627,8.17984,12.2044,12.5713,8.63892,12.3924,11.8274,9.26753,2.51264865
ISCA1,13.3117,13.2239,13.5233,13.0632,10.0427,13.1228,13.3343,9.90076,13.5463,12.7856,9.69921,2.510192263
ID2,12.2761,12.8339,12.0235,12.0332,9.02946,11.5281,12.1475,8.56206,11.8467,11.7687,8.65235,2.508494844
RNA18S5,10.3235,10.1748,10.8202,10.5403,6.6851,10.4788,10.6522,8.08255,9.94199,9.60042,6.54344,2.508458159
NOP56,10.1482,10.4157,9.34084,9.53537,7.06578,10.9726,11.4163,7.43299,10.7083,10.7017,7.29272,2.507453868
LEP,10.7672,10.9268,10.6007,9.65559,7.00331,10.8852,11.1673,7.58333,10.2022,10.403,7.35014,2.503334928
ANKIB1,14.1492,13.7465,13.9041,13.8543,10.7037,13.5138,13.3711,9.98199,13.4711,12.9993,10.2902,2.49469585
HSPA4,9.93858,10.3414,10.0622,9.87258,6.84403,10.4945,10.9145,7.17099,10.5704,10.5706,7.08173,2.492640524
AATBC,9.48663,9.51818,9.91109,8.85534,6.6143,10.287,10.5709,6.64529,10.3991,10.0834,6.76028,2.486266004
LARP4,10.0742,10.5098,10.1391,9.70231,7.05458,10.3439,10.573,6.69036,10.3174,10.3463,7.01641,2.481610483
ECT2,8.95745,9.20304,9.40532,9.02089,6.50893,10.6277,11.2271,7.57096,10.9311,10.933,7.57578,2.47615693
TACC1,13.2544,13.2584,13.638,13.1626,10.1494,13.2607,13.128,9.5697,13.0028,12.919,9.8863,2.475446174
TEX41,12.4784,12.369,11.9552,12.0587,8.75527,12.4137,12.5412,9.05044,11.6748,11.8889,8.78624,2.464985466
MORF4L1,11.0543,10.8755,11.3164,9.34321,8.55872,13.252,13.0776,10.5291,13.1676,12.648,10.8815,2.461427675
LOC100131635,10.579,10.9535,10.9779,10.6241,7.38066,10.046,10.225,6.93477,10.2899,9.9565,7.22266,2.459577163
ARPP19,11.765,11.8887,11.6907,11.4903,8.44614,12.2669,12.496,8.92594,12.139,12.2288,8.73724,2.458180182
LOC643387,10.1543,10.5436,11.3106,10.8836,7.7361,10.6999,10.9292,7.20791,11.075,11.2646,7.82504,2.456484681
TUBA3D,10.1697,10.1254,10.0757,10.0685,7.04278,11.6158,11.8861,8.70415,11.5081,11.4229,8.09689,2.452173619
UPK1A,10.3878,10.2862,10.2688,10.9435,10.3592,7.35257,7.83476,7.32632,7.73047,7.72068,7.03524,2.451660217
RPL7,12.3113,12.5638,12.6413,12.5174,9.26451,12.5623,12.906,9.23191,12.3799,12.7574,9.24271,2.450434176
SEC14L1P1,10.3643,10.3135,10.1687,10.0213,6.75448,10.0274,10.278,6.78284,9.9926,10.325,7.0273,2.442623834
CD247,9.01339,9.00941,9.15979,8.59601,6.64803,9.8886,10.9432,6.52103,10.2079,10.2875,6.72702,2.435186364
AOC4P,13.0998,13.3366,13.2316,13.1066,9.68377,13.4277,13.5922,10.4143,12.7767,13.034,9.65832,2.431884102
CRCP,12.4445,12.5429,12.5747,12.7143,8.92006,12.3703,12.982,9.19769,12.2883,12.3471,9.60475,2.42497537
BTNL8,10.3926,10.3047,10.1381,10.2111,7.03473,10.1245,10.4062,6.75725,9.89815,10.3047,6.93707,2.418288499
EZR,9.84466,9.90464,10.103,9.50879,6.6253,9.66764,10.0972,6.45197,9.84858,9.92652,6.58649,2.417488725
NME2,9.8403,9.96487,10.3143,9.66364,7.00352,10.461,10.6363,7.05855,10.4358,10.5471,6.85288,2.41394544
HNRNPK,13.6311,13.459,13.1282,13.3067,10.1299,13.4531,13.7828,10.2293,12.971,13.1148,9.88242,2.400803408
DTWD2,12.7052,12.8305,12.6446,12.7078,9.5022,12.8595,13.0001,9.66128,12.201,12.4005,9.04307,2.395219644
SLC12A2,9.08656,9.87391,9.98558,9.3264,6.27792,9.92344,10.2812,6.74273,10.1606,9.95325,6.79233,2.394550219
NQO1,10.0209,10.4542,10.2401,10.428,6.97897,10.3226,10.502,7.00993,10.004,10.331,7.01859,2.380078105
KRTAP16-1,10.0865,10.2738,10.6765,10.3371,7.4202,11.1041,10.7862,7.61201,11.2151,10.9324,7.35499,2.375022444
TMEM97,11.3973,11.5227,11.2633,11.1214,7.90744,11.6193,11.9013,8.60314,11.7901,11.0862,8.16803,2.373138575
ADI1,9.80865,9.74609,9.81656,9.74522,6.67655,10.0412,10.5747,6.86739,10.3174,9.90846,6.69946,2.366496177
MCM7,6.60731,6.46589,6.82299,6.70373,7.40185,9.1552,8.98831,10.2722,9.38673,8.37341,10.6727,2.365787283
ASCC2,13.415,13.1957,13.3369,13.2107,10.0088,13.5776,13.5871,9.99452,13.2723,13.2341,10.2239,2.36513451
SNAPC1,10.7129,10.8345,10.6576,10.3837,7.49766,10.8951,11.2849,7.78772,10.0346,10.2631,7.04652,2.357045393
PRODH,10.4115,10.4758,10.504,10.2491,7.2207,9.92718,10.6723,7.19151,10.0445,10.5507,6.91441,2.350861144
TDRD6,10.4192,10.2904,10.2691,10.0058,7.16118,10.4682,10.4494,6.93831,10.2535,10.1406,6.97,2.345017709
LTA,10.1365,10.2127,10.3201,9.94169,7.0725,10.8438,11.0575,7.25882,10.7956,10.438,7.50499,2.335999579
EIF3A,11.2587,11.7446,11.5743,11.2417,8.19689,10.973,11.5465,8.22444,11.1015,10.6002,7.78804,2.32147688
RPS28,14.0884,13.8923,13.8548,13.948,10.9422,14.1436,13.8329,10.0903,14.0,13.7845,11.1838,2.317404219
SULT1B1,10.0241,10.3805,10.9069,9.5041,7.18103,9.47994,9.63255,6.52166,9.99179,9.74525,6.8042,2.316193547
C3orf14,10.7525,10.986,11.4622,10.7366,7.83182,10.2867,10.7401,7.41533,10.6262,10.407,7.45052,2.313332521
FAM162A,9.31209,9.79282,9.63546,9.85343,6.56923,9.81186,10.2229,6.62105,10.0058,10.0601,6.67513,2.310361863
LOC401127,9.57867,9.75761,9.9029,8.96054,6.63974,10.188,10.2755,6.7138,10.5651,9.86581,6.93827,2.299775402
AADACL4,9.91229,9.72678,9.95805,9.79964,6.85534,10.5669,10.7334,7.08029,10.4476,10.3069,7.09438,2.299545221
TXNL1,9.3349,9.52724,9.74462,9.16507,6.09266,9.72415,10.1163,6.60665,9.99886,9.36982,6.6365,2.298921618
PPP1R37,10.1456,10.0615,9.93401,9.83996,6.81422,10.4979,10.6748,7.11201,9.71638,10.3413,6.96764,2.297402467
NACAP1,10.6745,10.5696,10.7363,10.2238,7.19775,10.5457,10.405,7.0419,10.5276,9.89052,7.50358,2.296453369
CENPU,10.4119,10.4044,10.5559,9.81073,6.98033,10.417,10.2603,7.01692,10.4323,9.65719,7.16522,2.296434441
ZNF575,9.79481,9.57635,9.76241,10.0967,6.6543,9.40956,10.0722,6.47909,9.62159,9.5905,6.4545,2.293592162
BTBD16,11.5838,11.9182,12.2378,11.8047,8.36959,12.3147,12.6109,9.3939,11.9361,11.9361,8.91579,2.291062526
NEK2,7.17245,7.76937,7.83499,7.58181,6.59779,9.93814,10.2489,6.75091,10.1124,10.1674,6.89767,2.279765404
AZIN1,9.60817,9.80762,9.38304,9.10523,6.1249,9.90006,9.91071,6.40858,9.41242,9.40175,6.6219,2.278853089
SHOX2,10.9952,10.9654,11.1199,10.7887,7.88112,9.66653,9.85727,7.2611,9.73914,9.50289,6.99647,2.277471126
LACTB,10.1476,10.0021,10.4275,9.23183,6.29482,10.0522,10.2935,8.75047,9.9379,9.21125,6.26447,2.274391788
DAAM1,11.0285,11.4957,11.3396,10.9273,8.02681,9.77604,10.3977,7.47974,10.1901,9.92869,7.41969,2.27420235
SOX2,10.4494,10.5833,11.2525,10.7399,8.20135,8.25251,8.02462,6.71856,9.17396,8.98624,7.36268,2.272233392
NUFIP1,10.5395,10.4021,10.3065,9.6376,7.42864,10.8853,11.0145,7.38122,10.7482,10.3204,7.25185,2.265925687
ULK4,9.64383,9.89218,9.8074,9.81676,7.0042,10.3518,10.7557,6.81267,10.1628,10.0632,6.90576,2.262876488
SRSF11,9.33274,9.78365,9.66709,9.24977,6.63307,9.41967,9.67548,6.62525,9.54394,9.39168,5.77085,2.259554195
RPL14,11.198,11.2085,11.1323,11.3414,7.73597,11.6763,11.755,8.41794,11.1594,11.6361,8.54616,2.256492619
CSF2RA,12.2317,12.0903,12.0435,11.8917,8.74994,12.1501,12.4084,9.13908,11.6988,11.7778,8.68662,2.254979526
OTUD6B,10.1294,10.9398,10.0119,9.83878,7.04279,10.0577,10.9154,7.18583,10.1802,10.2733,7.28942,2.246424873
ATXN1,10.4649,10.7021,10.1755,9.98318,6.7798,8.58607,9.0467,6.91409,8.44391,8.16517,6.67328,2.241096262
LOC152225,13.4736,13.511,13.5354,13.3991,10.2464,13.5286,13.7828,10.1396,13.628,13.3052,10.6295,2.236741063
FAM98A,10.8462,11.1548,10.8563,10.139,7.58688,11.2774,11.3734,7.92648,11.1512,11.0253,8.08825,2.228943272
WDR33,14.3293,14.0772,14.1762,14.3056,11.0629,14.2284,14.3281,10.8021,14.0122,14.0019,11.1429,2.225593669
OSTC,11.4954,11.3943,11.4865,10.6676,8.32737,10.6426,10.9493,7.72037,10.8116,10.6809,7.71348,2.217013096
BLVRB,9.45995,9.6462,9.33324,9.7553,6.56482,10.3543,10.7661,6.96844,9.5976,10.3536,7.07321,2.215386285
C19orf84,11.3138,11.2083,11.1659,11.0716,7.96399,11.2649,11.6496,7.98072,11.246,11.0896,8.31729,2.215008997
PCNA,9.83574,10.0219,10.3175,10.0812,7.23815,11.8225,11.8294,8.93155,11.8774,11.699,9.10359,2.209578401
MEI1,14.7666,14.417,14.5115,14.44,11.3187,14.7057,14.6233,11.028,14.5603,14.23,11.816,2.20951423
SPRTN,10.9813,11.222,11.338,10.8349,8.24233,10.4247,10.4953,7.43235,10.8051,10.1371,7.48651,2.200330062
CLIP1,10.8268,11.1304,11.1518,10.9276,8.24384,9.33529,9.25716,7.1,9.91032,9.24189,7.23763,2.196071428
CHPT1,9.93326,10.6541,10.0518,10.7121,7.07543,10.257,10.7972,7.36179,10.3797,10.4663,7.43436,2.193877662
HIST1H4H,11.182,11.1507,11.4088,11.2302,11.2131,8.30342,8.88594,8.49773,8.42222,7.98061,8.51629,2.189985819
SF3B6,10.5363,10.8834,10.8872,10.7569,7.44559,10.9149,11.1224,7.68066,11.005,10.7264,8.03713,2.181974601
DPPA2P3,9.88973,10.1802,10.1113,10.2893,6.99763,9.93221,10.3466,6.89963,9.94707,10.3063,7.04928,2.180309614
RFWD2,11.5818,11.5747,11.4046,11.1194,8.3845,11.1645,11.5555,8.02504,11.1183,11.185,8.22167,2.172346938
FSTL3,13.4191,13.261,13.0857,13.225,9.89763,13.4372,13.4626,10.4541,12.711,12.8144,9.89436,2.168115948
TMEM106A,11.4062,11.3177,11.2031,11.1318,7.91492,11.4012,11.4919,8.37764,10.7747,11.0021,8.01419,2.167825454
PRR11,7.62856,7.68425,8.13684,7.73665,8.24715,10.258,10.727,10.8503,10.5409,10.6253,10.9814,2.167744491
AASDHPPT,10.0586,10.3601,10.827,10.2451,6.94169,10.1181,10.4647,7.43053,10.4516,10.113,7.29009,2.166965474
TOP2A,8.2294,8.54728,8.91171,8.68158,9.20525,10.9047,11.3731,11.9798,11.1932,11.0832,11.9943,2.159517423
BCAS2,9.89759,10.4285,10.842,9.79424,7.27577,9.94443,10.183,6.93173,10.3884,9.85876,7.07753,2.158062945
TBC1D9,11.0407,11.2184,11.5221,10.953,8.96037,9.41356,9.87728,7.46211,9.4063,8.64839,7.29848,2.154767082
DDIAS,7.50572,7.8689,8.037,7.66207,7.26507,10.3536,10.9457,10.5584,10.5447,10.1052,9.9694,2.153383537
FYTTD1,10.4688,10.8049,10.5857,9.93283,7.31702,10.4109,10.7374,7.47607,10.4031,10.2809,7.2643,2.152677047
USP49,11.9848,12.2873,11.9755,11.9795,8.91717,12.0857,12.3193,9.19212,11.4074,11.506,8.5302,2.145816885
TSC22D2,10.9202,11.2449,10.9402,9.74015,7.88036,10.7463,10.7052,7.50888,10.6873,10.1875,7.51802,2.143315473
NMD3,12.1718,12.6982,12.0712,11.855,8.97531,12.5499,13.0954,9.72826,12.8001,12.7267,9.77408,2.132961166
CDK1,9.21182,9.25017,9.64393,8.94553,7.3132,11.4635,11.8628,9.34163,11.7734,11.4331,9.3959,2.123791424
HNRNPCL2,9.41658,9.34729,9.34027,9.05656,6.23853,9.99764,10.0285,6.70024,9.64519,9.57235,6.56037,2.120483809
TPI1P2,11.2772,11.081,10.7419,11.2037,8.20824,11.738,11.9941,8.34487,11.1633,11.5593,8.3874,2.117859985
NACAD,10.1302,9.96683,9.79445,10.0049,7.31854,10.3023,10.2135,6.8417,9.72559,9.9701,6.6603,2.111092265
BLZF1,13.3649,13.5867,13.4359,13.4277,10.2498,13.6367,13.723,10.5012,13.0135,13.241,10.2954,2.109838445
SUMO1P3,10.9002,10.9358,11.2277,10.5504,8.06102,11.5512,11.7635,8.20994,11.7694,11.0172,8.37456,2.105503362
PAPSS1,9.91841,10.0001,10.1088,9.70918,6.80827,9.52304,9.85093,6.61318,9.43185,9.48593,6.62895,2.104162084
