Gene symbol,GSM1686435,GSM1686436,GSM1686437,GSM1686438,GSM1686439,GSM1686440,GSM1686441,GSM1686442,GSM1686443,GSM1686444,GSM1686445,Variance
EVPLL,0.7330516407392415,0.6497704536115056,0.6286307955231691,0.5028230447557379,0.5042653216233636,0.558618555577586,0.7794517479662731,0.5154738732803377,-1.4808145055282613,-1.765128484047714,-1.6261424435012382,6.477859106
H3F3AP4,0.6507262502313348,0.81262209867637,0.4592752927328192,0.6289309474286241,0.4676711486762757,0.5056221136732126,0.6419911677851124,0.7065714132491745,-1.6819690363697963,-1.561971901347637,-1.6294694947354855,6.117769486
LINC00608,0.48505218780791837,0.6517172684563773,0.6798284244052607,0.6567432023987532,0.27426111085181826,0.6452005913954997,0.6612154317542576,0.7987045399406172,-1.7584054646193397,-1.5316123251026397,-1.5627049672885267,6.063496725
LSP1P3,0.5909537396805531,0.5783793146331441,0.651500457545814,0.649304239472465,0.5506897416691593,0.6763478659442892,0.6738071430751208,0.5201149410401867,-1.5787460770099866,-1.7139943535387392,-1.5983570125120068,5.931740113
CC2D1B,0.5796457410248647,0.5634414595090146,0.5799057027604132,0.5554259726629392,0.6669062302572767,0.4606265930996236,0.9073275086836197,0.5492735449216268,-1.5090861463682157,-1.7758805428659439,-1.5775860636852184,5.859712798
ZCCHC18,0.6479629673730283,0.5789044979517091,0.6000928919787049,0.5354377719333661,0.6179678745940717,0.4507277933439575,0.8432362530662653,0.6006160622015931,-1.5824032475908505,-1.7383646507858534,-1.5541782140660012,5.787208675
RPLP1,0.59002436252915,0.6543172541568668,0.6384539221332585,0.6139740170049042,0.6438006162136384,0.5949733686200802,0.6475123707818364,0.5105309521935745,-1.5574421741899174,-1.6782995541837098,-1.6578451352596757,5.633687511
UBA5,0.6823640978434498,0.7055797637313576,0.529406024879121,0.5418319336686488,0.5904300609273353,0.5102144077451173,0.7206588914795035,0.6053765277275507,-1.5593273341981193,-1.7051615142585586,-1.6213728595454013,5.62534292
AMY1A,0.5416127526228498,0.46797655550018913,0.6940682772481626,0.6028273096969052,0.5604239413295486,0.5170375654763303,0.8268189699978126,0.6576523181128664,-1.6281707344859015,-1.7691920947643167,-1.4710548607344394,5.509654889
PLXNA4,0.59954406286266,0.5739752109908357,0.6983775095210583,0.5633364229742376,0.5988735510128744,0.5137632468800889,0.7832196089139302,0.5549326744569244,-1.6189159134169913,-1.6791278775277387,-1.5879784966678834,5.505062937
ECRP,0.4407333440634287,0.45427677935362315,0.7801769772200099,0.6956659410091942,0.7243780238244076,0.5989658130372035,0.5735041546916374,0.607543322054327,-1.6636501458054656,-1.6192051056614765,-1.5923891037868907,5.397311958
CLDN24,0.5359173822269437,0.5653201254469411,0.6487186471110691,0.5688593445382368,0.5169054232621615,0.6627847742687833,0.833529408121947,0.5498473855734546,-1.6517011628653377,-1.6194579694515567,-1.6107233582326534,5.342776346
RPL23AP64,0.5344438436457098,0.6670998069485816,0.5616962903393828,0.6899699506563378,0.4901643238921705,0.6455991329239247,0.667328051895765,0.6322239790189899,-1.6122729229953232,-1.569737194638263,-1.7065152616872639,5.278740949
PTMA,0.6711554547972741,0.7293828747034158,0.7032698697101032,0.5618931444305163,0.4788812759254574,0.390051246658731,0.7445467425153226,0.5903425761863887,-1.5535168088488385,-1.7340080668710403,-1.5819983092073342,5.241175388
RAMP2-AS1,0.5587825899886383,0.4379438447212838,0.7051905167622561,0.6385992727305154,0.5551165911882842,0.6735886790022455,0.7611550047777825,0.5474133532027307,-1.516474363824233,-1.7036212823298833,-1.657694206219629,5.108133403
HSPA1A,0.4462895476739513,0.6566538189065352,0.6651392571521758,0.7832360432851841,0.43612567109400785,0.5478816901863185,0.6349739904217941,0.7049089210177331,-1.6037783454866918,-1.630241723224195,-1.6411888710268128,5.060424
CAPZA1,0.6616523333428904,0.6498822200439255,0.5986448617543833,0.5341894794029083,0.5343295997993243,0.39612418213409645,0.7846313345975522,0.7153184451703136,-1.6423893810484345,-1.5672381417705188,-1.6651449334264332,5.042344105
UQCRH,0.6617662377209147,0.6823821150063879,0.5991655144568082,0.5647586507680397,0.5157135728423256,0.49500355913089145,0.7184834343624551,0.63922056370324,-1.4984246901992802,-1.8149443020294607,-1.5631246557623188,4.965205929
TMEM251,0.6378566932139851,0.6421947492034082,0.681755933715648,0.6970805880261108,0.2646895725586021,0.5575555046271624,0.7546069826684619,0.6219190527311045,-1.4862818525635868,-1.7049575966565116,-1.6664196275243857,4.947411496
LOC283332,0.5927090404611107,0.6114821307538247,0.6494549724822688,0.7394804736586924,0.5051486925554477,0.38525691136788787,0.678467930207372,0.7139282118713879,-1.5924691882520607,-1.5867661509737436,-1.6966930241321911,4.894535909
DCAF13P3,0.508419362623465,0.620688744877431,0.5925265772005494,0.4675510317523003,0.6461010712659973,0.6744054721129638,0.8072512529725975,0.5639377100134121,-1.5966268135327213,-1.6087118918842986,-1.675542517401693,4.893655751
PCBP4,0.6606396226568502,0.5141252735790183,0.7879506347196273,0.6401560631741247,0.7286336603842332,0.1902764049053634,0.7374529707170733,0.5792743724893551,-1.507891282812443,-1.695420166502678,-1.6351975533105243,4.892708298
GALT,0.5949481916818173,0.5625574163692773,0.8166894464645832,0.7395889372404596,0.40945035949546243,0.5371584824237602,0.6586833442791804,0.554138668600819,-1.5882804351221627,-1.6572713596314719,-1.6276630518017274,4.862327665
CRK,0.7496674199206786,0.5588455833292575,0.6873300642685278,0.5356536106763944,0.5430826614645801,0.519700200329969,0.7867174296207359,0.49184125987427085,-1.5221220244705054,-1.745993612645268,-1.6047225923686392,4.850373999
LINC01018,0.43732522755795383,0.4979189254733957,0.6146284851375717,0.6119608380595337,0.7324336855659429,0.6579301136007292,0.7676847362400205,0.5586078964987673,-1.5730231377627155,-1.6666670775128531,-1.6387996928583455,4.847434984
OR8U9,0.6087955860433871,0.5394002905860182,0.6618964060480593,0.5906799633342126,0.6025653454291205,0.6160322501414969,0.8033707929197116,0.46094718377406174,-1.6452910907199054,-1.632586192359582,-1.6058105351965766,4.789274731
MEOX2,0.5346777946698559,0.590373811407462,0.5390888804166984,0.5701603745235787,0.6398652240176402,0.7197010286885175,0.7314800818366788,0.5628408805920045,-1.6741709693880873,-1.644607000190293,-1.5694101065740629,4.681493984
TNFSF14,0.6883869912199188,0.7804035871366509,0.6631856121799274,0.6526971769725325,0.4689553305614961,0.39325407830071296,0.6336140518035211,0.5922915593892005,-1.6165340492319231,-1.5586922713659541,-1.6975620669660922,4.665291535
FBXO21,0.5718841496705444,0.5441480364830473,0.7068665671830288,0.6178190458968549,0.599960881791923,0.607746457423501,0.8073004928303857,0.416951194602141,-1.6566590191123556,-1.71912853158623,-1.4968892751828347,4.645700355
LOC100132781,0.8184159287367525,0.5947061003905466,0.663547383803285,0.6228463138364895,0.5382796170274884,0.4362835146585435,0.6848229431041108,0.5043945157154183,-1.4208537275967408,-1.740868324485195,-1.7015742651906962,4.640807854
KDELR2,0.6059500811693338,0.6317212752261709,0.5196068192630009,0.5172639834396524,0.7151848014329707,0.33349779854573286,0.9556671368837915,0.5624611911984221,-1.4783001190852842,-1.7227164663561454,-1.6403365017176443,4.617335669
MAP3K14-AS1,0.505373950345545,0.5333534105414219,0.6003478597364363,0.5761282920974224,0.7081151697753557,0.6760340086083555,0.7292096319125616,0.5553756383744777,-1.538957760458443,-1.728680962282283,-1.6162992386508501,4.613422891
MSL3,0.6349523344218256,0.6872340630950692,0.672359543106344,0.5181161708140118,0.5524306575206765,0.48758167763583593,0.7127122012935805,0.6208632676338244,-1.7070972922518541,-1.590241492314023,-1.5889111309552952,4.564487508
FRG2DP,0.6767287562493177,0.5916893952494034,0.6242304686493707,0.5982271033493973,0.5280327637494675,0.5619010410494338,0.7330120327492607,0.5780732663494175,-1.6586732974583267,-1.6040023279183822,-1.6292192020183565,4.552447175
LOC440040,0.5425813596653997,0.6665782803432511,0.5249659241087842,0.6035957174592628,0.5196517703654479,0.6165366659268326,0.7689741501569851,0.6448296140973739,-1.6389870032541956,-1.6429332544598947,-1.6057932244092434,4.543305772
AADACP1,0.8018962164437792,0.4357068435749401,0.8373735797652567,0.22692674291886814,0.7148019958071433,0.31717013311524733,0.988779747504765,0.3891089752456215,-1.3492080188452042,-1.9975433019572482,-1.3650129135731637,4.543186273
MRPL35,0.3943290252432388,0.844712420962433,0.45399583327473925,0.851758129920736,0.2874608942603118,0.7013839778875901,0.43078933733515473,0.8455500227267065,-1.5200689318348257,-1.6142301513467996,-1.6756805584292829,4.531222217
PERP,0.029226571148128915,1.018399461542427,0.179749665120805,1.0235763121376225,-0.039502283420462705,0.9089460489583001,0.27426416598736836,1.0452697812984406,-1.70493456256596,-1.0214226526475878,-1.7135725075590857,4.525223362
SUMO2,0.5849468036063667,0.8321032901747081,0.4566738290697931,0.6122706362923147,0.52081031633808,0.4487747574387646,0.7269810538774998,0.678245272304929,-1.668683172573929,-1.4519654356177336,-1.7401573509107882,4.456919905
GOLGA8O,0.5220285954060925,0.5760772875893435,0.642690804892687,0.5967693607037806,0.5410752747548027,0.6734048218529104,0.7988536313852537,0.5301558434004371,-1.69352901243635,-1.6736496641213485,-1.5138769434276114,4.424669839
MTFR1L,0.6106729503672453,0.6035779383846231,0.5320282400809999,0.5439698447559767,0.5905870713741889,0.7303388214825924,0.8009891520701089,0.4665242914245405,-1.690854003536359,-1.6275884811955437,-1.5602458252083766,4.406188852
LOC146880,0.9557139737236713,0.2566144083783797,0.8818372106570206,0.14006442352678897,0.9122393768817373,0.013497250462772193,1.0981083041633235,0.3061494040888313,-1.3296373966241,-1.8321897120533583,-1.4023972432050646,4.384913281
PPP2R5C,0.634632912802904,0.5844170575787184,0.5920422423879855,0.5717251381264519,0.6369907002110334,0.5197033180790185,0.7823708684824525,0.5616920002195218,-1.5752108603190649,-1.5518587318406847,-1.756504645728341,4.370982956
FAM226B,0.5841248439105552,0.5445769727365104,0.601461585403625,0.5747780789316834,0.521963831658594,0.6698035228835499,0.8116632945790121,0.574627324657831,-1.684661650721725,-1.6594354355636936,-1.538902368475937,4.356080815
ANXA2P1,0.4207995241207075,0.7768571807132537,0.6422739196892817,0.8720404131178097,0.34154717063497064,0.5259835290957535,0.5638759035588126,0.7042385055154794,-1.5774201671431614,-1.5910292586611943,-1.6791667206417173,4.355436998
LOC100131257,0.5019059739676676,0.5645223227231364,0.5675497046130061,0.5360649329583625,0.6130108893258804,0.6058965418846874,0.7979839227969104,0.6960620658379687,-1.555361480566156,-1.667470477584509,-1.6601643959569568,4.320766218
SNORA36A,0.5504366867111515,0.476362984980895,0.6693179137387303,0.6128543767931186,0.6667949674945122,0.5487210832650834,0.7305245896234726,0.6288498559814647,-1.5130507710802825,-1.7097346143870733,-1.6610770731210742,4.320327797
ARL17B,0.45593303294618176,0.6488959000052618,0.7964438663443694,0.6516712550492599,0.4101144442198104,0.5382349252509305,0.685732430589239,0.673672251398046,-1.702919779878553,-1.7278676986740578,-1.4299106272504836,4.319972337
CCDC175,0.5471065188255615,0.5318273516267595,0.5526439351257983,0.6968218484245615,0.4762480991317884,0.6357564520025039,0.7077941362787348,0.735019766421567,-1.6838723634040873,-1.5741751210489296,-1.6251706233842602,4.184329214
LINC00240,0.6110901273858979,0.7294711865895409,0.608466296868998,0.5844916886165438,0.6574444665177891,0.37108680657538307,0.6679912362425814,0.6498816609102555,-1.562573389065174,-1.6541810874650034,-1.6631689931768143,4.155865461
SLC22A23,0.6388122087926434,0.6872828313284985,0.7525297609188298,0.6970905185295768,0.4365157554188232,0.5229266416009551,0.6445419628943255,0.49329710237243485,-1.4955160321434795,-1.7350765349407646,-1.6424042147718394,4.12825651
LOC644189,0.3977345694917335,0.4095786248520306,0.753625158724068,0.5491729716530871,0.650752555616509,0.5854809492204607,0.8782204834531324,0.6306331777337335,-1.7004682840060734,-1.6049400296372145,-1.5497901771014728,4.112091715
LOC100133315,0.3144029991239707,0.299610816480702,0.5596635938595742,0.7786499620819588,0.6252974392242902,0.8074585135935005,0.8252505095000899,0.6195564172893147,-1.5393160906693275,-1.6285967398959404,-1.6619774205881293,4.112067456
ARAP1,0.46606967593082965,0.6418498023969986,0.6776491788024468,0.6455335063459647,0.5242825749553401,0.6682064447360823,0.7357583115185359,0.5220515993242757,-1.600529745962668,-1.7295475855386486,-1.5513237625091507,4.086391228
YWHAEP1,0.5480264201199404,0.5272177748133374,0.6262022580011353,0.6014822132008107,0.6232295943859069,0.6120690678304861,0.8374699826553872,0.49994228234378146,-1.5073514314392062,-1.7499677192358103,-1.6183204426757694,4.044369826
TCF24,0.4357157939799037,0.5973326344914535,0.5970716253820999,0.6895732537369021,0.5265991658567148,0.6843008697279662,0.658408766080121,0.692339950296047,-1.7355250234506518,-1.6103189536938844,-1.5354980824066733,4.036652501
FAM167A-AS1,0.26932421091760717,1.0308767388623252,0.39050998682536886,1.096564759697192,0.14390555538564315,0.7020708302760246,0.193759470959599,0.8195985620641032,-1.6887170650247412,-1.3049098502103593,-1.6529831997527586,4.028013216
PTGES3,0.8557987655861196,0.5468712364938836,0.7045491852794153,0.4018932351909122,0.5333350784774923,0.3253799713453643,0.8674534499013906,0.5824624473400706,-1.480495071200498,-1.8531470692865026,-1.4841012291276447,4.027183161
KPNA2,0.8682076003101455,0.23041207329210528,0.8531766168765629,0.178353545302621,1.0041149243873193,0.087591544290775,1.0564353161996878,0.3422279256638836,-1.3756197015657563,-1.7392699924057766,-1.5056298523515654,4.010344546
HACD4,0.31012816112336516,0.5711254568884714,0.7292547947807096,0.6588411008850614,0.5287094640652552,0.5880603959266659,0.7715134971484631,0.6922391075950595,-1.715930195696844,-1.7354394551894505,-1.3985023275267594,4.001570333
NEIL3,0.557657268875921,0.6900936585993913,0.5001264392536762,0.7372836365468348,0.36322826073651,0.7533985678370081,0.6644777417602897,0.5991256588408606,-1.6682451736864194,-1.4864666490679586,-1.7106794096961118,3.99220211
RYK,0.5645166980205395,0.7876899917252779,0.4654631431695217,0.4449783835538674,0.6482461781976362,0.629025259792202,0.8051204684162327,0.5208088561670867,-1.5112634996906984,-1.6896968145536375,-1.6648886647980212,3.966707194
G3BP1,0.6023616121197242,0.6522086452566083,0.6889324679710427,0.663373957349902,0.5972287435270734,0.19257878344453636,0.6890383003131589,0.7600518018733476,-1.7382052996609367,-1.531202530098118,-1.5763664820963454,3.928401442
THOC2,0.6606264789106117,0.6234489247408027,0.757892719063864,0.7227304959332173,0.4073842233316709,0.48990672588263046,0.6590884631175675,0.5454874345416321,-1.4496372592016542,-1.6853196172262108,-1.7316085890941268,3.910813367
LOC284648,0.49200310342801856,0.6355464122782902,0.5122892832211395,0.4832407482817762,0.5595528958281464,0.8130770380594436,0.6907758022909737,0.6895012779060649,-1.6893560023786818,-1.5886260918247805,-1.598004467090396,3.900487321
BASP1P1,0.7741921704078237,0.7321787555452687,0.5897585973149887,0.6462905719971356,0.4698874111122057,0.4573897497290415,0.5561478654249448,0.6516087257772056,-1.6831192833652,-1.6106381654966226,-1.5836963984467871,3.889295155
FCGR3B,0.5606849578351987,0.6536430787293397,0.7494213372350375,0.6801417302492492,0.5579180303672562,0.5398797916820168,0.5492447769581295,0.597772427934349,-1.572131907641489,-1.636122426352018,-1.6804517969970714,3.885114503
FLVCR1-AS1,0.5116266734018398,0.5431463905059084,0.7212434406969706,0.5885092266083853,0.6049079983449611,0.593727017615477,0.706335466390992,0.6205613713662387,-1.5832525246273046,-1.6465155784500312,-1.6602894818534473,3.880355154
HAPLN3,0.3495769362116505,0.6129564531473476,0.7231884330107232,0.6899047963723637,0.48142722668900845,0.4870993576916871,0.8160829558470439,0.6800053224525948,-1.7332723765077864,-1.7468908419811982,-1.3600782629334394,3.841597944
TMPO-AS1,0.593179164883822,0.6384393759725152,0.7304631029072953,0.7281007668599612,0.43264769257635904,0.47447177850529326,0.6930415523393009,0.5770723281974548,-1.5244403437285405,-1.5308830784030878,-1.8120923401103792,3.816055516
C11orf91,0.5465241356336406,0.531212988713512,0.6585542880985265,0.6709541606042654,0.5307816888002689,0.6046417989431433,0.7164563014514083,0.6182816586994552,-1.49754093444814,-1.82772258303137,-1.5521435034647124,3.784547126
HSPE1,0.8757841268460803,0.660078828564035,0.8198465325982207,0.44404956738094,0.7302167966412253,-0.19129567539373601,0.8269737164213067,0.48638071978472575,-1.3917348058505294,-1.9351123803989705,-1.3251874265933028,3.773154834
SYPL2,0.7370354013872743,0.6207182849678957,0.7051750955899516,0.5890739812437747,0.5436055448347134,0.4503466497296684,0.7638736589826461,0.463522776195002,-1.5441462935455617,-1.7111914968564745,-1.6180136025288803,3.772218396
HNRNPKP3,0.590226013750783,0.590550386399233,0.7460330092228568,0.6140674034118464,0.6308807190231634,0.44371770086760504,0.6724544801328182,0.5975243983409046,-1.550595622542519,-1.6594983330487458,-1.6753601555579427,3.76362836
CCZ1B,0.5930990643805288,0.5907722674399625,0.6097654238617914,0.588391358942639,0.5764868164560234,0.49932373652004586,0.7455854313227345,0.6868202806842545,-1.6142249700208677,-1.6429365620363166,-1.6330828475508035,3.756752881
FNDC3B,0.5604649817191336,0.2611291249405507,0.714362655910731,0.4555347493157715,0.8954283127556021,0.40304251935894747,0.9586575897490492,0.5407803954853243,-1.4755177374698627,-1.8244229614008558,-1.489459630364387,3.740704089
MOXD2P,0.44064910176013733,0.7922064826326688,0.647655029839888,0.6445621496562591,0.6345238543234274,0.36636571629718034,0.6939939715384744,0.6487402509569512,-1.594818755930994,-1.663388452212614,-1.6104893488613825,3.736080321
NANOGNB,0.8516180378089242,0.569798609435315,0.7995681028982023,0.44162971960818037,0.6103845190160142,0.1758381939471635,0.8465651735639378,0.5182376613870101,-1.5581581188735263,-1.6222099646629322,-1.6332719341283009,3.726347236
YPEL5,0.3182354302377388,0.4440636767793255,0.7542512668041726,0.7720556097808491,0.5628681916879124,0.5634671145403384,0.7786982086895784,0.6476974466043085,-1.7543207663242741,-1.6736894161280667,-1.4133267626718944,3.710532902
BNIPL,-1.038353149115249,1.106955572743743,-0.9286431078480827,1.0001847288642698,-0.977693349967381,1.232484930563226,-0.6832555708421432,0.9456541650851723,-0.8103226905601963,1.155705896762257,-1.0027174256856088,3.699241713
LOC100130476,0.5745028759120029,0.6252883484280818,0.6580496349055517,0.7231339297805262,0.5875416487909969,0.23533042677819296,0.8226778386928403,0.6260553350680227,-1.5629628846549488,-1.6405819326169553,-1.6490352210843022,3.664993075
PRKAR1A,0.41964302603565806,0.8948506713466271,0.3837762285707571,0.675427037314407,0.30754557340835065,0.6760851436899102,0.5613004233626325,0.8756559020611291,-1.7256521368283178,-1.3106831617550372,-1.7579487072061168,3.657320169
AMY1B,0.4217805445417788,0.35441024876213456,0.6998750309481407,0.5547106965564979,0.5648601303669497,0.5373743663721601,0.977036866680028,0.7183634590244758,-1.5892282706610155,-1.7756047925035272,-1.46357828008763,3.654706542
HMGB2,1.1536154267931527,0.2787109728223558,0.8711045649971211,0.06913646387599431,0.9889971383674753,-0.11196024240351199,1.0852134036884955,0.11729989324071276,-1.4025576702540627,-1.6446024039110574,-1.4049575472166675,3.59744523
BPIFA4P,0.4442417875748281,0.6393050986020727,0.5956441191976763,0.4826457415756528,0.7522481391145851,0.5600070206724158,0.8102414298824008,0.5882842836326773,-1.5868072102393986,-1.580006279480463,-1.7058041305324443,3.59219368
FGF14-AS2,0.28949551034136406,0.6040779213719015,0.8459790346158421,0.6247171906670269,0.41449624615296854,0.45893725342553743,0.8151865763932761,0.7736306282694894,-1.760361207630179,-1.5202632563542262,-1.5458958972530106,3.573468265
SBDS,0.46629354964707564,0.4032021046781571,0.76948761764195,0.7602763776552826,0.46529474049189523,0.3579227563099622,0.8771925382089424,0.73114444396251,-1.7321741839418183,-1.5473168050768615,-1.5513231395770868,3.572503528
SUMF2,0.5724599900195616,0.5279130893918549,0.6612205226917259,0.7304848432437843,0.4213782322797087,0.6452791754596161,0.7111552654153027,0.6103970637461502,-1.541629267824766,-1.6525521612830336,-1.686106753139889,3.565385019
CBY3,0.5661622329011182,0.2756438291328861,0.7805885102372347,0.5105949563618757,0.7665715395786872,0.4314991933600704,0.979607244428836,0.49168317055272365,-1.4766388095939464,-1.8171399507977786,-1.508571916161694,3.555375196
NLGN2,0.6144733545002573,0.3165832364026191,0.6218733144754139,0.6781241380459611,0.5791427185286475,0.49874465714443195,0.8372510969102206,0.6974308005375344,-1.4650711871496724,-1.8479050563305506,-1.5306470730648527,3.553343771
VPS13A-AS1,0.6421453144664971,0.7232960615519034,0.7661008512233267,0.4529236205413907,0.46551982166865874,0.32205689378552954,0.7480983159839125,0.7329382863086175,-1.5827339524315098,-1.670790315975626,-1.5995548971227023,3.541036394
UMAD1,0.6341640417663719,0.7157615243771971,0.7318692241548805,0.5953160599496056,0.5401374344135965,0.23732382579022743,0.7572848334926787,0.5974897633798119,-1.3024273593942917,-1.5645369778874123,-1.9423823700426766,3.540962421
SIGLEC9,0.5473919302422401,0.6305707321715572,0.7403376437350793,0.8077315047868283,0.5461045059862681,0.4777030955168013,0.4925364619443044,0.6326977809422935,-1.6214141663616364,-1.5535165306010288,-1.700142958362703,3.510791051
ARMT1,0.8486608948688575,0.6737774192271201,0.3833509359681879,0.4246483155093474,0.6428464103984622,0.434846582912999,0.6122516081875085,0.8270316024633105,-1.6008452631720338,-1.5756970081678645,-1.6708714981958974,3.503343089
NDUFB9,0.4981491256294877,0.580851180379072,0.5164087504892808,0.5620859043693166,0.5847278391954598,0.555175338653149,0.8562625067258549,0.7187253939357843,-1.5980052431597256,-1.7308847470240205,-1.5434960491936607,3.484782728
C7orf72,0.8488210844156637,0.5659548372637864,0.726420007085185,0.611553033733707,0.3095141786949699,0.39210819918117723,0.7346850315994623,0.6386533181954848,-1.6329689909236647,-1.8101553736059202,-1.384585325639855,3.479678042
LOC646626,0.4533001329209073,0.7221889627710588,0.6625608959005231,0.57340006006109,0.32785618091968655,0.7237077908894597,0.6293154359755363,0.7522280077794229,-1.6890631809761838,-1.3770565084314426,-1.7784377778100593,3.476185599
LZTS1,0.5164238754269912,0.6072511913723222,0.6983038852728519,0.616717065490694,0.5194101333333824,0.6279296187618607,0.7714953762238342,0.5243684483477682,-1.5310221585813326,-1.630075769891438,-1.7208016657569292,3.464892773
YY1,0.7285118280918234,0.7455342339379728,0.5276812584566284,0.49521468306794636,0.5316268492156694,0.42768871550607057,0.7025272946644242,0.7133494864606512,-1.547620568983845,-1.6777799715663861,-1.646733808850959,3.462299952
EPCAM,0.8424949927461971,0.7465009418741461,0.7125112691343656,0.5989305219193443,0.5019782215670675,0.23969970206756652,0.6051873273490547,0.5981413752885698,-1.572220419521865,-1.5907259080135236,-1.682498024410931,3.462050059
SEMA3C,0.8082945878845116,0.4825909650998434,0.6074317922701232,0.44483395181913915,0.7168086110115348,0.03831113169819551,0.9141722514339895,0.7609431168194732,-1.5662039063682203,-1.705775048136802,-1.5014074535317832,3.453422032
ZNF738,0.5516746659092876,0.8289616590441997,0.5444995542287384,0.549301794329893,0.4154040409212252,0.5090194744225602,0.7765889934704293,0.6903746594191101,-1.5729211002551247,-1.6064011883015283,-1.6865025531887898,3.446218398
DKFZp779M0652,0.6511613110435731,0.5588918329868132,0.5805457607415557,0.5977897502068201,0.5210115938336103,0.6171256334760676,0.8306684144934561,0.5134355460029691,-1.4931881435159522,-1.5659351639912167,-1.8115065352776953,3.441255085
KYNU,0.5179309829165685,0.6241473027963282,0.7825946632989,0.7020694511577721,0.5152147424508094,0.5426600888235767,0.6395959204453292,0.5553358776637821,-1.5040836904683983,-1.6994323094651587,-1.6760330296195112,3.435094824
LOC727896,0.580639687612386,0.5446791948299659,0.6715885874683981,0.49807213095605696,0.8100506423550412,0.44534895177427203,0.7439059879143057,0.5712956225586869,-1.5229472049040853,-1.7871067555070441,-1.5555268450579853,3.429958511
NHP2,0.5944463037896778,0.5882168078482256,0.6413940504757164,0.6210066092127808,0.4520740056368421,0.6720318441514062,0.7327977454712125,0.564374827926848,-1.51116296666821,-1.8774176857787248,-1.4777615420657668,3.429827207
MGAT5,0.5988452608639255,0.5038876394310647,0.46255716391532353,0.48253925331756214,0.3345807052935785,0.824682721429968,0.9698517470017867,0.652016974543957,-1.678833978746064,-1.5379232445910183,-1.612204242460081,3.394103821
PNPT1,0.4453336352621648,0.5152167547854479,0.7533433421748915,0.6483762767458686,0.4558702099254142,0.47944935538803857,0.8132594316113168,0.726574747084473,-1.756218142997574,-1.7528578299968618,-1.3283477799831773,3.39107382
MCTS1,0.6722870195143569,0.5259902333107714,0.7505931294651654,0.5587032661432061,0.5207470294421584,0.3787245942184208,0.7995486960210206,0.6490345501839863,-1.5293171875123661,-1.8208051277994162,-1.5055062029872952,3.386685364
CCKBR,0.5015816240219192,0.40127776190489745,0.5941741983338175,0.5313414828846581,0.7694774744369731,0.6725437306940419,0.8315105007804157,0.5496200910153227,-1.40371194273807,-1.7247985428133574,-1.7230163785206183,3.37136984
RAD21,0.8127498005622596,0.6107521299961165,0.6665071431388075,0.3578551595220452,0.8198334292812078,0.26433983522431415,0.8563940936370709,0.40886871150608517,-1.5106632814414171,-1.828312616052005,-1.458324405374477,3.370733951
SPTSSB,0.6155081433950347,0.616479903452368,0.40955217359662716,0.47163049255334993,0.5453127698417614,0.6256258804625665,0.6247112827615467,0.9453349393253178,-1.5718665833065624,-1.5392554590295733,-1.7430335430524264,3.366452102
CEACAM6,0.8773809648006844,-0.8522476193640087,0.7557609604198128,-1.412168508362244,0.8797824881594034,-0.9844800698253169,0.949655382072626,-1.202086675689108,1.073047939408744,-0.9624832594419969,0.8778383978213928,3.364477556
CDKN1B,0.6391801255930004,0.8288025623937251,0.3431883134113029,0.5631366076364036,0.5949501486325421,0.5098660920475461,0.5768690713757445,0.802539225492237,-1.7026970219151867,-1.5819772219266022,-1.5738579027407176,3.359837296
OR56A5,0.5368718362891243,0.6298228682203191,0.6159461564822873,0.48664043346881275,0.6770151564864345,0.49185853581658395,0.8445678494555595,0.5928374175135829,-1.5608913201913541,-1.7018374253652446,-1.6128315081761015,3.345417186
WSB2,0.8136041374750372,0.3851562157769874,0.715053658230527,0.38733602847273324,0.8589786596417475,0.3540652031166122,0.8000663533646155,0.5000552902395922,-1.4984715617598114,-1.7847612776000348,-1.5310827069580095,3.342885666
S100A13,0.8012033878690676,0.5648584884082973,0.502628759954218,0.3228087120639909,0.8367715488470306,0.44610390838367353,0.843000342995381,0.5111278622500977,-1.5403051159487897,-1.7713933788525873,-1.5168045159703873,3.246028165
USP8,0.6549219168079669,0.8281655049783213,0.5715644702791621,0.5163037295034236,0.42321153222614993,0.29718439978190225,0.6773060143373797,0.8656472099559581,-1.5919751397799236,-1.5077782895937666,-1.7345513484965691,3.23724788
TCAF2,0.3771605180053448,0.6383712997872264,0.6955366785603944,0.47994153575873366,0.5438150967348754,0.59724722628204,0.8350668683822485,0.6827619663651658,-1.7620321209076586,-1.698776879334574,-1.3890921896338126,3.232798721
ZNF385B,0.6864265384886943,0.7137357652320327,0.7876690778042779,0.499871842124476,0.628657020377785,0.21131601681291448,0.6846759470307878,0.6300574935441099,-1.537775767744483,-1.7483135670820191,-1.5563203665885716,3.230469051
RHEB,0.6012853739565437,0.6665607857467969,0.6559345559204766,0.6142470389095276,0.6290770519638422,0.5260843628779696,0.6773621732076166,0.5196619162796436,-1.725899828122306,-1.5765721061234235,-1.587741324616693,3.226837176
FAM182B,0.5393240149994435,0.513571769070695,0.7211664046187682,0.5904197410485477,0.5017175606273026,0.6613698063624458,0.8076495706515952,0.536754629918117,-1.6193098240076145,-1.7587865573427977,-1.4938771159464996,3.225816373
OLMALINC,0.7794518092050674,0.5903388554935847,0.6810382696345674,0.6079293990866486,0.3784341675585292,0.43465377864333954,0.8061006061433977,0.5830338124732084,-1.5823679478674375,-1.71058606296107,-1.568026687409836,3.220825199
TRIP4,0.5551880504310802,0.49786804856069644,0.606009053110849,0.5669565084248982,0.654136776846759,0.662743559558655,0.8009204792870586,0.5251521352528301,-1.4317492156295506,-1.6359700190247501,-1.8012553768185133,3.208822373
HNRNPC,0.6936966281772028,0.3934508997055023,0.7608083123645586,0.7303562392603488,0.5906866347343087,0.477311224100173,0.726549730122322,0.49405986430748794,-1.5745377493256871,-1.6907299767219623,-1.6016518067242438,3.207492467
H19,0.8670764324303144,-1.00706291836636,0.5693167417407243,-1.5998039908206034,0.6215419158360838,-1.0147179214380262,0.718137972973179,-1.115710037000657,1.4596064940801314,-0.42659564103621234,0.9282109516014254,3.201756504
ZFP36L1,0.5930316114445712,1.0305732629735296,0.6013026092814913,0.6496380860022126,0.16892299895571722,0.714515558396773,0.3587453322909771,0.6582610411938944,-1.7653466334804842,-1.3372843667064636,-1.6723595003522223,3.196797272
ADAMTS7,0.9404824163326678,0.2959302080731967,0.9367838291097554,0.17276138277687042,0.7425199383063502,0.22418935749545107,1.0162741005355072,0.2855389392088262,-1.2682434239097138,-1.9873427124176477,-1.3588940355112669,3.19155295
BTNL10,0.7318680067128116,0.1796519270195985,0.6070258139388952,0.3660020241144062,0.933123754950517,0.4954985506444049,0.9334183330363455,0.540804660244755,-1.5985922543281317,-1.6649548055034686,-1.5238460108301288,3.169069927
ARL6IP1,0.7739826291276574,0.6529489437238413,0.7030013542975575,0.36094707143689386,0.6443415798324839,0.3260636658580151,0.8456713585241706,0.532151076508829,-1.5704333721440744,-1.7389785271372407,-1.5296957800281281,3.164885983
NR1H3,0.282725552397549,0.4068098032723233,0.7850837707345307,0.7640685503199633,0.5210948221560363,0.6469500185713652,0.8092276616040759,0.6088746894494677,-1.8008213918225406,-1.620326622329338,-1.4036868543534393,3.156638015
LGALS3,0.5937524839640551,0.5858968394853308,0.637755906044123,0.4675896523358305,0.7059759765172501,0.42352716525968104,0.8029607000816427,0.6417132607815254,-1.3982145088551623,-1.7441522843997987,-1.7168051912144682,3.153060662
SBF1P1,0.5752477789782297,0.3804205665742039,0.7279549785126156,0.49644259360922727,0.6636820836989162,0.5798555784225938,0.8912955613801508,0.5343092531456068,-1.5075248293559853,-1.80377088901751,-1.5379126759480513,3.152062023
FAM170A,0.4436862301664831,1.0381307607100418,0.6200520907839691,0.6975112677586839,0.143994252005655,0.3149834649460249,0.7119868576586114,0.763449056853864,-1.7379978702980785,-1.7593153920772373,-1.2364807185080144,3.151028362
ACTR3,0.6430338926840805,0.705433388252475,0.5141576617800365,0.7478603180044706,0.3325727660587509,0.11246090905849467,0.8065371163940701,0.9185725743464148,-1.6969531001738734,-1.459645927633462,-1.6240295987714528,3.150346792
RPL23AP87,0.5670496145933449,0.6776701856081305,0.6420776769224541,0.6270602397029155,0.5090491976155241,0.3524303346448313,0.8656837696952582,0.5793473584581641,-1.4099309592133793,-1.4388424820494186,-1.9715949359778124,3.146795122
RHBDD2,0.9654542946197732,0.23924797381815643,0.9533912631529925,0.1215742845098577,0.8293903955753531,-0.06096776518598071,1.175492960159008,0.19684996616285486,-0.9975084140627831,-1.957991815100857,-1.4649331436483664,3.145865123
LINC01142,0.49017865200031,0.8260947029089466,0.3674024908638318,0.5311237906804765,0.5131695547613881,0.7386937194744359,0.6888010902867362,0.7002372867632515,-1.6044525777747543,-1.5097632411453656,-1.7414854688192618,3.132882358
LOC100130673,0.28313463457796373,0.47497336373324545,0.8064445548835938,0.7369549842607833,0.45442345652342314,0.6333145562806081,0.8242030007094241,0.6182881790433679,-1.7645091976128189,-1.6177733572874204,-1.449454175112167,3.118352111
FTH1P3,0.5233144699004066,0.6782046123251494,0.731735881341142,0.6514092712305728,0.4837452965767087,0.503351643719082,0.7484903961718967,0.5538528409039803,-1.4762002248519013,-1.7000155894580566,-1.6978885978589755,3.116213389
LOC100288123,0.4735685359739507,0.7341749869448903,0.45404388638087906,0.5119035187115677,0.7436396798878723,0.6018478648552605,0.7182814459651632,0.6392899520322176,-1.607306710230093,-1.6171999930421925,-1.6522431674795135,3.104372845
TOP1P2,0.5986643499864988,0.6006326827722623,0.6307541390392392,0.5655009248687971,0.36490992006514555,0.4936866014124793,0.8120196946735831,0.7816000061663388,-1.8486890600933812,-1.4755647396504064,-1.5235145192405508,3.09188628
ZNF735,0.5857222077861127,0.5421535551689224,0.6019560071174497,0.6004639299730246,0.4564486439931898,0.7498506936727882,0.8135325461968183,0.5163704621132698,-1.5397595893720648,-1.7985394809924415,-1.5281989756570649,3.088091405
RPL23AP7,0.494837873148779,0.6019995582997255,0.7553094231841988,0.700504728494188,0.496927376758965,0.5947161457156501,0.7279667759423408,0.5014048844950771,-1.4803400395080732,-1.6763354781434796,-1.7169912483873768,3.08633115
PCSK6,0.7997722267796008,0.8072398864196108,0.5325494942214728,0.38471970398782884,0.5646305600349565,0.3347580739323044,0.6694167601035816,0.751979205083535,-1.5549839780578498,-1.6107405119940226,-1.6793414205110127,3.082078388
EIF3M,0.6379519820180657,0.734585114721573,0.5979122795373297,0.6193066280270364,0.44695662510995865,0.391199845386784,0.6992067507385951,0.7451030067165124,-1.6396556969611207,-1.6499883306311494,-1.5825782046635821,3.080070144
STAG2,0.5357701416846942,0.7206673549122121,0.4751745813484032,0.6672499458497159,0.37336446911506976,0.6996114445090775,0.6311797356988933,0.7661887975735324,-1.5726921591381895,-1.6215992964836499,-1.6749150150697665,3.074184753
TSPAN13,0.6225898798713981,0.6921055366803317,0.43791274340911246,0.5829264715544252,0.6433488582816395,0.46154328079252793,0.7783121300208414,0.6567494668231201,-1.5274599892203793,-1.6717438627933434,-1.676284515419676,3.073545738
RPSAP9,0.614040124296508,0.754232157228379,0.5554720729477813,0.6215258159310597,0.5340929376395035,0.4885200469683569,0.63134704335559,0.686501619318962,-1.5894720194631546,-1.5916997612935972,-1.7045600369293956,3.067247672
FAM49B,1.0117678136953987,0.7908969127710781,0.6802215156484894,0.3174221650807835,0.562827612033906,0.17750926738499692,0.7506458604842179,0.4921633205377485,-1.5340182641175912,-1.6054623822601406,-1.6439738212588948,3.056914192
EVA1A,0.6530732038678427,0.6257181646066281,0.793087812718006,0.6073015044022582,0.568188597388416,0.351927815509736,0.7374179082565879,0.5162980075617707,-1.3941155457554115,-1.7575956299387983,-1.7013018386170369,3.056663884
YY1P2,0.6332516278780115,0.51124077456174,0.7003876491362748,0.5574606495372134,0.6528454890509696,0.44650890804862353,0.7687257477671137,0.5786773151631471,-1.3210256605843436,-1.674093816069947,-1.8539786844888,3.045003751
EYS,0.5710423132131834,0.5717036086967779,0.8657396278111318,0.6979509282919818,0.4047565579749285,0.5194612654928578,0.6787733592677577,0.546514262548973,-1.4704369624125067,-1.8030685906602524,-1.5824363702248243,3.043595562
FGD5P1,0.698510964073148,0.6735382568700624,0.6350261300990397,0.5694953393902213,0.6190195274098333,0.551864006352863,0.7133140628007596,0.3962509441186998,-1.3778823858261555,-1.6244201723587808,-1.854716672929688,3.03778916
ACER2,0.37956852326422713,0.6090289905272815,0.4190455929008816,0.5706953116270551,0.6497698078199878,0.8658104785449725,0.7737374350326528,0.5882072434323392,-1.5485914540332704,-1.6597109800760796,-1.647560949040042,3.037459867
ENTPD6,0.4539133486819228,0.5007137891244066,0.8016339956245985,0.6187689542045455,0.6013016083508516,0.567149935595526,0.7846485075875581,0.5457072627544391,-1.60527591467382,-1.5995960156600153,-1.6689654715900133,3.032039412
ABHD5,0.6441681712856928,0.6518836789261838,0.7189121515529479,0.45097909325621627,0.6817812710330856,0.4721967392675658,0.7738248660880042,0.4489899389426515,-1.3340759322554643,-1.663280971150312,-1.8453790069465832,3.027496245
RPL23,0.5580697062870646,0.6170336426830828,0.6983049987790267,0.6965565793971404,0.4268779623220985,0.4915091891283687,0.7274855153594689,0.6512785464386431,-1.4864957446963518,-1.5602428684178344,-1.8203775272807186,3.026198813
DCAF13,0.7841618359878001,0.48339407920340305,0.6553907349799476,0.4876200412617946,0.672294583213515,0.04359217069791548,1.0036100085914306,0.6276201271676591,-1.5276325967894577,-1.8135370413056262,-1.4165139430083735,3.01812747
LOC100130880,0.6793473796227779,1.2124644133639169,0.004896561967786262,0.35819472648177053,0.3047196943897285,0.44118991203638774,0.7232646571101344,0.9205294530967274,-1.5859130522291622,-1.7405067083540746,-1.3181870374859956,3.006042438
RPL21P28,0.5888287303676792,0.6317189248794707,0.7126529642407038,0.6383220762944213,0.42841455654391775,0.632324718587264,0.6896933827153248,0.536730471497424,-1.3580710877395945,-1.6497001786714642,-1.8509145587151297,2.997389412
LSM5,0.7020592726049337,0.6356111686111112,0.7485608198341864,0.4472404942417626,0.6819914601761419,0.10805202471271358,0.8593884969333718,0.6269413886192163,-1.543698696106714,-1.726588614453214,-1.5395578151735223,2.992599552
UQCRQ,0.49387317850519885,0.33164286585466884,0.5543380838183128,0.4206724355634456,0.9282258884876678,0.6923096581285781,0.9128822364874496,0.4645807519593277,-1.6593930834226907,-1.7829913552663472,-1.356140660115606,2.990723392
HMGB1,1.155183320312102,0.4857553123540358,0.7517755333529963,0.06511167503451468,0.7484878755661277,-0.22263144037842303,1.0938137082905541,0.4407326654394179,-1.6478371792411426,-1.546492083833336,-1.3238993868968465,2.967611149
ANKRD34C-AS1,0.6452919466288595,0.5812364776469656,0.6787519394652626,0.823013875792705,0.40595243502857614,0.5986673664469856,0.5622209625923976,0.558686027101484,-1.473475250028188,-1.500718632173674,-1.8796271485013945,2.961322366
SLBP,0.8578084419563159,0.2304969365041584,0.8172069392710746,0.2685989472823507,0.9663839318698529,0.023697510965303707,0.9291354061330912,0.5768289736736144,-1.4791982021697117,-1.770754788644439,-1.420204096841621,2.959762945
FZD6,0.6429528618564739,0.7935058428032847,0.48752203767801244,0.6517549849812572,0.4820145981395197,0.4438598394277855,0.4600154029130653,0.8911238332913302,-1.539289063513365,-1.6407335325264896,-1.672726805050875,2.944033794
UQCRBP1,0.41275163371660345,0.7552661021004565,0.5018471206555781,0.7830624213727393,0.36949246133920954,0.7643474602732991,0.6260408297220263,0.6439581039549337,-1.5910991355437802,-1.5945966856508893,-1.6710703119401753,2.921557959
HIF1A,0.5807223199319819,0.6519445404678876,0.6952304589832448,0.5718195423649937,0.5479969375650525,0.27796034434180444,0.7501206875686754,0.7799603420345812,-1.5963444867595302,-1.7262206618453944,-1.5331900246532952,2.917948644
CNBP,0.8045991673874738,0.6047319051122225,0.7131803365651738,0.41949657406475105,0.5155263075848809,0.3071749843456233,0.898600103720558,0.5420851071243783,-1.4495727956571653,-1.9111733386720111,-1.444648351575883,2.910337108
TATDN1,0.5299058789190447,0.8496983140028348,0.5215827675374547,0.6070950303986877,0.4679449386338695,0.4490792195022627,0.7252215593403764,0.7151721730055671,-1.5566549875719435,-1.6699109550384792,-1.6391339387296633,2.893935246
RFPL4A,0.6232823326621145,0.5289324245066748,0.8242538036938635,0.6010206876659611,0.6224190001691887,0.37069591187474144,0.7989088283658347,0.4930424594436257,-1.5787581904365482,-1.6621807758958156,-1.6216164820496402,2.892627984
KCNIP4,0.6961998015247147,0.7441340589194158,0.6591849309496558,0.5764566952143997,0.3932330858678591,0.4466578823978608,0.7224186681820471,0.6189621049247582,-1.4076020590597018,-1.6788038466180595,-1.7708413223029433,2.89029862
LUC7L3,0.5635872106290452,0.8477471788013847,0.4314339966671658,0.4917292477890268,0.36928056282925403,0.5469191264651229,0.7970638562140522,0.7920016973198238,-1.491636953698544,-1.6118508807074505,-1.7362750423088738,2.886349012
HIST1H2BD,-0.7691785652031569,1.1327802068907609,-0.7957837963814467,0.9886273279228873,-1.0605194459336396,1.1083014161226314,-0.3433032394530862,1.0507515317662464,-1.095290455547459,1.057242120227492,-1.273627100411231,2.878744602
TSC22D1,0.5038643047036778,1.1763102223883093,0.14018825015273653,0.8554870249085067,0.27848244514905257,0.7745530678081357,0.07203268658536396,0.8344788997499882,-1.7218443039048048,-1.3501616128627698,-1.5633909846782046,2.864293315
Mar-10,0.5697111614600339,0.35459260821051725,0.8247147290519501,0.4718284979572262,0.6749133143755996,0.4603530272677338,0.9443077425078522,0.5187848834272051,-1.5084035360501467,-1.8323777839644777,-1.4784246442434883,2.85887473
LOC100133669,0.8020668755442094,0.5595111161493278,0.6605138221127347,0.23440554664038907,0.7299842793548076,0.503847679057426,0.918618027622673,0.4129825599610355,-1.6262148061639614,-1.5839603490016838,-1.6117547512769588,2.843797818
DAPP1,0.3706259756990274,0.5102795119301267,0.8305474653315359,0.7464436169495033,0.38714748779779606,0.574432855136288,0.7421417892709562,0.671317495896613,-1.7876446123582013,-1.6665076387434576,-1.378783946910188,2.829989652
NLRP8,0.27236947316171717,0.6121382040919682,0.7801515963691522,0.6501813255801203,0.3453374274914522,0.5539509379469753,0.860852906542379,0.7212783067219133,-1.8071922789265424,-1.7171236296590189,-1.2719442693201208,2.828134546
GOLGA6L6,0.29028268117450495,0.43794663080392054,0.8648160509979694,0.7690813193719581,0.4528817488578475,0.5993583878469932,0.810824661882517,0.5992958978132938,-1.7113168412101432,-1.6772097808175346,-1.4359607567213335,2.816898298
GNA13,0.5795243134012062,0.7668149048138437,0.44897138612058674,0.48168781207543326,0.5563788495325777,0.49413631831829047,0.8464478115834787,0.6863687790434188,-1.549852106981904,-1.5563203258035696,-1.7541577421033714,2.811022716
PMS2,0.6023570414158445,0.40888203529741785,0.7415013114259592,0.6409769310227904,0.5238028089090104,0.6130604468012385,0.8048454415430246,0.5285598779691854,-1.4471134957353804,-1.720594892284275,-1.6962775063648285,2.807637001
ACTG1P4,0.5668391531609689,0.48451049220199005,0.6384538102965194,0.6711597167048816,0.5289955373168113,0.39272092728197155,0.8678963951000072,0.7114468772806983,-1.5359188054221415,-1.6936026266059032,-1.6325014773157998,2.802085043
LINC01003,0.9369831673887438,0.17518007430746935,0.9003116066155308,0.06762269999177938,0.997099452485344,-0.007419223771661341,1.198761693523678,0.22755458546305823,-1.4061665813050037,-1.6899417752609986,-1.399985699437929,2.799275407
VPS41,0.24264440216917862,0.6454625050977663,0.723706394974012,0.7289101152141791,0.46157682480367307,0.4444609738932441,0.7528597674038631,0.8090348678278336,-1.8579407202247753,-1.3484651610001386,-1.602249970158836,2.798472152
IL10,0.4053005990320132,0.504410646648479,0.6828464167868693,0.7032588156939353,0.44857488471499435,0.6572838126170957,0.7999193754415532,0.6537665992669554,-1.8041877045738979,-1.5963078341043295,-1.4548656115236702,2.788504267
SMCR8,0.41381821277877573,0.3990564895930364,0.7159624192613512,0.41721026831932845,0.6775191231350861,0.6572296057351121,0.9926662091897805,0.5601163119259526,-1.6027525244955427,-1.664443964243264,-1.5663821511996152,2.787753023
LINC00094,0.8967469206904827,0.7842069889749729,0.6971786219029564,0.6051861819076989,0.3247977490205141,0.14416833098064608,0.6330855284636374,0.6974928037335417,-1.5963801595498432,-1.805040880514496,-1.3814420856101042,2.785932324
SNORD51,0.9174447206232974,0.42484701855199597,0.9889741559885059,0.3744369946830178,0.5339639779491865,-0.09942980076365089,1.0293901726315904,0.3908422518274107,-1.2249121528777915,-2.0477395100648534,-1.2878178285487063,2.784246072
MBNL2,0.833607651290683,0.5917569396850838,0.6984002685538383,0.27406677756715775,0.7367792836629472,0.0675373431455818,0.990269532637701,0.5614312261070667,-1.615885800734542,-1.6535664436015018,-1.484396778314006,2.778847437
MYC,1.023162384386343,-0.2182803802790496,1.2953718820264741,0.1445816790173695,0.7382993000150211,-0.700275014352107,1.3700343390572771,0.18800047886066254,-1.2333624394253337,-1.7148597434726385,-0.892672485834015,2.775604019
DMC1,0.4428533083784373,0.6661952545999346,0.7475708311702044,0.5543353289120103,0.4323979324413901,0.5730416340523895,0.7835348050259504,0.6568106099335497,-1.7609005992199775,-1.689980398586755,-1.4058587067071227,2.772870294
LOC100131532,0.26842874922555704,0.5804063950801912,0.8047958915230007,0.6126690803311651,0.4618158215600092,0.3369869553838772,0.9392027423830157,0.7931384759538014,-1.7950598326370344,-1.5187223718955858,-1.4836619069080035,2.770330507
DKK1,0.0979551725421497,0.9340655544380877,0.1542404455535228,0.8636695388820061,-0.08887181569620463,0.9318577940935876,0.2789662892444197,1.3067355005898191,-1.4825615344258622,-1.51229060443624,-1.4837663407852897,2.76455298
CDH18,-1.0484437811469125,1.063874011386009,-1.0808940438457328,0.7198328704615321,-0.8737237690928963,1.1569778468257692,-0.8611474726266282,1.1040649940537501,-0.729390671651136,1.35546433760693,-0.8066143219706813,2.745888424
PPP3CA,0.42260051940998217,0.8932199522901022,0.24466094374763636,0.6580273888501402,0.8212816776353372,0.4107269045351855,0.4849069176783126,0.8682062036205314,-1.6398875462070097,-1.5332656509286404,-1.6304773106315713,2.743022138
UPK3BL,0.05972319377175416,0.8296063541157164,0.2886724754416368,0.989021482410222,0.242337501770351,1.0736414411669477,0.3964282281655572,0.7226112302345535,-1.6775530830854284,-1.09794122775715,-1.826547596234162,2.737849668
CHRNA5,0.45797651930292066,0.5494218164410525,0.6547551302735335,0.608271494488339,0.5411143726649811,0.7231171485224289,0.7434101409525276,0.6061153640426414,-1.650268805820163,-1.5898210546190068,-1.6440921262492514,2.735271592
UTP3,0.6036723257760401,0.5672364409061234,0.8162573056181183,0.3618307268807496,0.4571035833289356,0.26446947215343425,1.0179876925808302,0.7080922397325101,-1.674617851590911,-1.6662706061895278,-1.4557613291963112,2.729969706
UBA1,0.7576955626420009,0.748885918418065,0.7885931554274004,0.6623215882176496,0.2603975300009728,0.4432295666484576,0.5867373942963435,0.5975898545722065,-1.6291370962299034,-1.6870892341030135,-1.5292242398901759,2.699194114
NAA50,0.8218094280439351,0.5907824927377138,0.7773811712542764,0.42770841637740237,0.6168641168674702,0.02118027791963331,0.9115608993139773,0.609256976496291,-1.5968201237004978,-1.5964301778495382,-1.5832934774606537,2.691805943
PCDHB9,0.32323467685791263,0.5586469088760394,0.8424586682265169,0.6756497292435488,0.4139598146182939,0.4165172533148512,0.8133038670857603,0.7824867307922416,-1.7600612789546373,-1.533114169022117,-1.5330822010384102,2.690928779
SNX18,0.5405154077577,0.5621510374958517,0.7847803872866591,0.6049102110611941,0.6218730568618166,0.41307002666698767,0.798350663927157,0.5357786130812995,-1.6508602320966446,-1.761874056519358,-1.4486951155226628,2.68464586
TYMP,0.38957286986880724,0.4633844224142344,0.7073530492577901,0.6133761549501696,0.6009568651029767,0.5265691599357739,0.9195692649456366,0.6318130388470327,-1.7403481423162648,-1.5866050160429812,-1.5256416669631812,2.684124271
DISC1,0.5585677940023874,0.5139237490275391,0.6501650586921639,0.6665217131010519,0.227932457468832,0.6084074821424125,0.6718456437517882,0.9269453087876695,-1.8179514616206665,-1.4942179918102332,-1.5121397535429526,2.673524021
AIRE,0.33827867273483064,0.5286441056708675,0.8327142971984276,0.8151569447688538,0.3935875485203008,0.5537903503593774,0.7636425151128522,0.5892909310960971,-1.7905342311894026,-1.7074422922186738,-1.3171288420535379,2.659499577
HNRNPA1P33,0.7256812288654546,0.7678151172701921,0.5972211141413928,0.6511267606805835,0.345447008467894,0.5053628047643475,0.6912021995754715,0.5864785807618642,-1.6226815964824939,-1.628490283693102,-1.6191629343515952,2.658350269
ZNF223,0.1473507578194108,0.5117022033060785,0.8756027984978182,0.6864388961831035,0.456054395474988,0.6063163580559312,0.8386330743137373,0.689852476987557,-1.6302166999925036,-1.63798420650226,-1.5437500541438471,2.651697926
ZNF486,0.3712497088292324,0.5435746501830335,0.7829613724524627,0.72453194373923,0.35623972328327463,0.661335395153032,0.7654389858923749,0.6358248617787869,-1.789672845478021,-1.6139980361053807,-1.4374857597280288,2.650598691
MATN1-AS1,0.48613070207618264,0.7266926056105688,0.8018077537257018,0.5573772588720811,0.4778132307398288,0.5748503963306222,0.5838771094088363,0.652866987935181,-1.7802964176016352,-1.6820148551364875,-1.399104771960883,2.645997808
TSKS,0.5315263827008624,0.5237118904177486,0.6677956282989597,0.5612989524737165,0.5876486454614062,0.6583665714945417,0.803871126154502,0.5385013014328975,-1.4368860990927088,-1.7252473225976894,-1.7105870767442444,2.637314318
CD68,0.2915757577524737,0.375945920030274,0.8418890307859135,0.6698514814976168,0.4850775935359661,0.5102916650212856,0.9744245347472095,0.646318348111318,-1.6421560359220424,-1.7829733925942857,-1.3702449029657406,2.631697329
KRT13,0.16113769997527738,-1.2558289198396588,0.869129483660402,-0.7364085843769449,0.33626331903644296,-1.2498077236159368,1.0835707330588453,-0.969392013768311,1.0862870621823284,-0.8671416246200352,1.542190568307585,2.629822798
CYP1A1,-0.5183527286210889,-0.7196892299707814,1.580936833360276,2.098957052581601,-0.722544102711054,-0.8399823031221272,-0.30126587494240964,0.9602383000041175,-0.7703454186162063,-0.6836505076462992,-0.08430202031603282,2.624800841
SH3YL1,0.27636827342749287,1.1222601974225777,0.09051648783509433,0.8211243851010612,0.09347465092037341,0.8977382141298659,0.35043912015491757,0.9445109243159517,-1.7224287898562576,-1.2705304553815304,-1.6034730080695352,2.61383485
SLC9B1,0.43158164642241686,0.6939896189721205,0.7344698599785522,0.4978810155066684,0.35133475840165357,0.49963256439636916,0.8757614704144626,0.7380378299390548,-1.8606898471840891,-1.5557386982689714,-1.4062602185782358,2.613820053
LOC100131496,0.44777206622273147,0.48676575037375225,0.8758591344896887,0.6741430545803263,0.3374089102478751,0.5665049148023817,0.7502488640797417,0.6814097644387533,-1.7467548466207223,-1.7658948413371143,-1.3074627712774232,2.613082311
PTPRQ,0.3361122246955094,0.40560789355022503,0.6544555966854613,0.8547017536281815,0.3520099267210979,0.7672319481975964,0.7433529508693645,0.7165539674548009,-1.623639681575611,-1.5382268441213973,-1.6681597361052292,2.612499095
ATMIN,0.7162236181100398,0.8049402617709215,0.5515753920912724,0.189803586368365,0.7779423658214503,0.3847465667842791,0.8215543515859797,0.5571566878885196,-1.4866359545170857,-1.8133883740516892,-1.5039185018520473,2.611677262
CDC14B,0.5630991650584113,0.5457009453337178,0.6393786731797358,0.7305245705434292,0.3072544488829722,0.7166319622558008,0.6967668307790985,0.6626195786328715,-1.5176759790306966,-1.5866196706263116,-1.7576805250090264,2.610072979
SUMO1,0.9567292151662482,0.7542640199763883,0.6164084685369812,0.26412032759293047,0.6990698519483641,0.06455769629819098,0.8096529909503943,0.5869282893784827,-1.6480069492753597,-1.6944609584603583,-1.4092629521122553,2.608820232
MICB,0.42033943976569826,-1.1279987916211265,0.865321114794873,-1.0203147982931657,0.7727857655183573,-1.065669786615288,1.179389143353734,-1.0328585511505157,0.825078469040713,-1.1065425432069227,1.2904705384136435,2.606767244
MAD2L1,1.3827303788072953,-0.24895917697057524,1.2370855912432397,-0.3176546434833849,1.3211839201624225,-0.7474205010134302,1.0986548025277387,-0.3907824948743155,-1.0259978403327377,-1.234514902546266,-1.07432513351999,2.604272982
LAMTOR3,0.7327773699585385,0.8194579331164414,0.5000859016882916,0.6483727405669725,0.5490770016756606,0.3410631581004059,0.6141036807138484,0.6472672870233236,-1.4881633339154008,-1.8126854783233752,-1.5513562606047104,2.601414374
EFTUD1P1,0.542297012425754,0.6108805364068126,0.6076208632137959,0.628091610865938,0.4821886387465372,0.7934874286795734,0.721122683794617,0.4846659903732295,-1.538221999748697,-1.7970400512741749,-1.535092713483402,2.588120972
C18orf54,0.5151507561148089,0.5671258830379402,0.7210296465744371,0.7463976821743089,0.5317801881918464,0.6500121895866209,0.5738428693278799,0.5586481333516077,-1.5221829204291424,-1.4606214150145431,-1.8811830129157607,2.586534115
CD36,1.080465607519325,0.5521561901455273,0.8148100198057955,0.0688992458145759,0.769783649006893,0.17878316724685475,0.868906920374333,0.33896611275419963,-1.4397778261930203,-1.7975286560927692,-1.4354644303817055,2.58319374
STRIP2,0.24517084924438518,0.594154449998306,0.8464089005432598,0.6347035190514235,0.37826335815259904,0.5683207689080149,0.8479131402016818,0.7088690743840588,-1.6647099236746972,-1.6767438409420743,-1.4823502958669466,2.571664373
OR13C2,0.5153262740132862,0.6840569378168595,0.6436954604776148,0.6937043153272151,0.47608047978748497,0.6604963355976898,0.6771659538808907,0.5225454000414443,-1.635382626611713,-1.444732071049917,-1.7929564592808602,2.553928934
SYAP1,0.6968859681900438,0.7792111134418298,0.6087133066354568,0.5963612497261699,0.43341922241217934,0.22974168826969027,0.7331537097534799,0.7567408822557885,-1.5787965505409463,-1.7667909145544634,-1.488639675589229,2.548178317
KCNH2,0.6980873686787725,0.6276936005026774,0.5034101492942931,0.26907974565151394,0.8522832418264111,0.30590009012606945,0.9705263687627288,0.5759663404143608,-1.6706464986615612,-1.6016198550214715,-1.5306805515737965,2.54626265
RAX2,0.2009250286351469,0.5065998130101274,0.4467667190584742,0.9094540620670225,0.4453859553518985,0.7829498062835282,0.6579578155119997,0.8540262618458759,-1.6591412108858001,-1.5244707240376965,-1.620453526840578,2.544441958
SLC26A4-AS1,0.23180792315632878,1.1540294149622172,0.1961455338470544,0.6669285513892302,0.23161052985756944,0.858071062354991,0.4536121931961151,0.8753100771133484,-1.7019950068040197,-1.288581061658074,-1.6769392174147726,2.540799439
MIGA1,0.29499343392207994,0.715382061983412,0.8134880949211879,0.5833238405842742,0.3763207690737164,0.40639082745907085,0.8617186262044803,0.7371614696979691,-1.7342420159779812,-1.7858677661074098,-1.2686693417607997,2.540718457
PAXIP1-AS2,0.2563952918693244,1.0348815031370189,0.18615831327965604,1.0549849926920571,-0.020835124748679934,0.9545334579973737,0.23434736643929044,0.8731308035695955,-1.5086976823710934,-1.4493297707572474,-1.6155691511072874,2.531917011
MTMR9LP,0.5937379123639062,0.668737332335479,0.5114166492816516,0.607590047978708,0.4666940400110038,0.6079858232819882,0.7659001692907356,0.6501358930813158,-1.4747421326990446,-1.5833890497044778,-1.8140666852212664,2.528120703
ELMOD3,0.4970281365120495,0.7416116658183132,0.30037163059075206,0.7340241001667837,0.5546276566319217,0.6951625682646018,0.5377370757032999,0.7950545195377836,-1.622838738277703,-1.5790353918772635,-1.6537432230705422,2.526873159
IL17RD,0.44715834808275934,0.7329020621019389,0.6631504758781166,0.4940557213961242,0.40329939613899274,0.5128807233599404,0.8870689202898175,0.7033765327060594,-1.7807773317028868,-1.5994298127847972,-1.4636850354660698,2.521229296
MAP4K3,0.8977497976334865,0.4470315929685128,0.7733589836625304,0.6408959998487795,0.5239157024548169,-0.11438120306529467,1.0161195668856355,0.4603969889377331,-1.1698306430761949,-1.8895042837574119,-1.585752502492591,2.51264865
ISCA1,0.8097500303940123,0.7945245611862083,0.5294028038937919,0.6544502444744097,0.3061841857689421,0.4899489793379171,0.6694109229133829,0.5963286707159228,-1.736934766764738,-1.5095523138000146,-1.6035133181198284,2.510192263
ID2,0.45825081670486745,0.5753279276222623,0.24727362474625897,0.7425998632429288,0.40659915012366427,0.5817512759022329,0.6574408334693043,1.111975499383895,-1.6570504800088208,-1.4073279161057735,-1.7168405950808316,2.508494844
RNA18S5,0.33222197548285054,0.9137776395160064,0.6877006149991828,0.5848600704547693,0.1060323759977551,0.7284262652856057,0.8025270826360235,0.4863900835020697,-1.9183171916866004,-1.8245091328317289,-0.8991097833559384,2.508458159
NOP56,0.7683605940041764,-0.1373605329350812,0.9434166057705509,0.3973849141315084,0.7639891612472417,-0.008515864115887842,1.2372961079299913,0.5745604084466998,-1.4939088447736966,-1.6442198977826294,-1.4010026519228858,2.507453868
LEP,0.34225431256069183,0.606413176937891,0.7950033824970201,0.7167831917905982,0.4753612133560288,-0.020084148812509042,0.9820026689231375,0.822579314135895,-1.5483276968135464,-1.7782353980229413,-1.3937500165522687,2.503334928
ANKIB1,0.4948114303533414,0.7823363141524,0.5231655008804079,0.9450900070372719,0.1815221920706719,0.749267632366735,0.4284084548801179,0.6776852248065992,-1.6174008164744313,-1.342824512892652,-1.8220614271804547,2.49469585
HSPA4,0.7496296201902665,0.4120305999147612,0.6992089872919772,0.32990940572653155,0.7497624808830164,0.2860653771193225,0.9782164420651227,0.5975041269925281,-1.5679059446750416,-1.7258108780073673,-1.5086102175011111,2.492640524
AATBC,0.92266546444962,0.5980634070926392,0.8481016427457257,0.3157319194884019,0.7126761824521217,-0.10417347750938102,1.0369390110038483,0.33671754459774905,-1.4977121064028773,-1.5948113632479666,-1.5741982246698782,2.486266004
LARP4,0.6490755875066735,0.5303673441788941,0.6667187083602136,0.4871583425413571,0.6683165759092133,0.23956210804237943,0.8192484814751567,0.7771713026848276,-1.548651412732061,-1.5232386609215094,-1.7657283770451422,2.481610483
ECT2,1.1076702329995578,0.09072122307130351,0.9054508241645803,-0.20778901633186533,1.108936603720673,-0.16550556446472306,1.304957461131243,-0.044100602964092926,-1.1286871396180338,-1.839754299524414,-1.1318997221842317,2.47615693
TACC1,0.4727755695460375,0.8962040716971726,0.6446934075573372,0.6404937860781937,0.41691393780758473,0.5792993016678116,0.5562347138617207,0.6431602124141578,-1.604703849462171,-1.4293196572141176,-1.8157514939537485,2.475446174
TEX41,0.2703019579569648,0.45761463482874737,0.7639015904126004,0.8071224541558399,0.4133249398337432,0.5267546564272836,0.849074080787608,0.7340411173164206,-1.6593125424166293,-1.6800011073336019,-1.482821781968965,2.464985466
MORF4L1,1.2239465935254747,-0.013584571249218563,1.280368174287675,-0.18879898259723463,0.876592880681411,-1.3326663122938263,1.1637814007695748,-0.3083271655389556,-0.3043161526885621,-1.8570995574613385,-0.5398963074349986,2.461427675
LOC100131635,0.4862999688565722,0.9464024283549978,0.323190971950081,0.679636627346391,0.2633375270007951,0.7097974135722322,0.44289786184865404,0.9300848411286001,-1.5649277460735869,-1.4592646812469139,-1.7574552127378333,2.459577163
ARPP19,0.6965697271145064,0.39668232298960643,0.7821276102007764,0.44638483052134936,0.7566408600398157,0.26262603080439556,0.9353825829534306,0.5291331505977491,-1.579015764422233,-1.7737452387491535,-1.4527861120502301,2.458180182
LOC643387,0.7418801887980109,0.8995376753634848,0.49087287466087653,0.1257713268250444,0.8687556533685276,0.6138002103233441,0.644314562561823,0.386280917317144,-1.432909815609137,-1.4924261859619943,-1.8458774076471267,2.456484681
TUBA3D,0.9664719513403571,0.0071043519772095425,1.0386053571288312,0.07006201348247129,0.9094081985717586,0.0022820630108496597,1.2196421220742788,0.04039154109222612,-1.3182280965677413,-2.0242312941135996,-0.9115082079966268,2.452173619
UPK1A,-0.7435365838070392,0.9567192957874502,-0.9966662780937388,1.0364293609372706,-0.7500942437886929,1.4086552702125255,-0.673679754441705,0.9683743809438095,-1.2092242190516598,1.017272152002103,-1.014249380700317,2.451660217
RPL7,0.4751134667262534,0.6502514745675063,0.5973214721977329,0.42915146466844944,0.7280384780501753,0.5672384708508611,0.8276004825077505,0.5983264722427286,-1.626803927380479,-1.6121979267265423,-1.6340399277044493,2.450434176
SEC14L1P1,0.479704264869556,0.5978797525830277,0.5030575128674486,0.7291411120194567,0.7027680474701125,0.4989639837643698,0.6712277412660634,0.6950507385052919,-1.5102206284680806,-1.6933020399274186,-1.6742704849498258,2.442623834
CD247,0.9339068634996136,0.22947806002219698,0.7193071392814123,0.13108344797852448,0.9874055733266373,-0.14943528955418067,1.4280978350550257,0.12840851248717425,-1.4055728985945055,-1.4586616308713478,-1.5440176126305452,2.435186364
AOC4P,0.3168391562610072,0.6227823828645442,0.7546695377050662,0.5341402257611233,0.48988640226032637,0.5387135692232119,0.8653040964570599,0.6934001863232637,-1.7804289004018576,-1.7633124899444816,-1.2719941665092613,2.431884102
CRCP,0.43990472847951995,0.6327973832322418,0.4951323740441963,0.5451066582015002,0.47950699139662883,0.7268190822667385,0.9071171397992227,0.611379832879111,-1.3674873234117713,-1.8286314287980872,-1.6416454380892949,2.42497537
BTNL8,0.3905948662288238,0.5524263595328036,0.5432539973367871,0.7240709315097273,0.6647877964340044,0.6016603624967152,0.7332432937057439,0.6647877964340044,-1.6064711816667707,-1.5406055278386124,-1.7277486941732165,2.418288499
EZR,0.5990978580654538,0.7707168561543333,0.4770447902476649,0.5964536222643825,0.6516722811102116,0.36989253080886786,0.7668044664486682,0.6369131282205621,-1.601344785892387,-1.5751655023618887,-1.6920852450658646,2.417488725
NME2,0.7373661997228966,0.6553482524704504,0.7543773295234039,0.33537700146090926,0.8124986896751369,0.21612358120068667,0.8727126888102656,0.4194673363517502,-1.6812654345958893,-1.5795766808995237,-1.5424289637200825,2.41394544
HNRNPK,0.3441480623833531,0.4505551569200136,0.670476690094066,0.7909630948493186,0.4414848320676526,0.571380006632443,0.893647294857025,0.6744703405887629,-1.7464805892962896,-1.5789638732916282,-1.511681015804706,2.400803408
DTWD2,0.28679659692304743,0.5874147537021049,0.733047850843267,0.6284820672747167,0.4219934460606073,0.6302440312233774,0.8283294397592615,0.7133951760312908,-1.8532644847660624,-1.5421219817859706,-1.4343168952656544,2.395219644
SLC12A2,0.8233514430221154,0.7047275842501449,0.6626107599781167,0.095395956360893,0.6828151779303083,0.25795307147841834,0.9050908863308776,0.6290406552759366,-1.45957156455339,-1.8082248566965125,-1.4931891133768942,2.394550219
NQO1,0.41616203794411705,0.5766700533984012,0.6327560816702281,0.4276511758567699,0.6384666590942687,0.7044102317290241,0.7547176995122387,0.7222217946468644,-1.6134111700921956,-1.6403460602755866,-1.6192985034841232,2.380078105
KRTAP16-1,0.9631197826653982,0.5965734888952017,0.8875783073432826,0.19504672817404115,0.770727214435107,0.36559351840577453,0.6712302442360669,0.3225144608572163,-1.6638928687368975,-1.6195139533697331,-1.488976922905453,2.375022444
TMEM97,0.8238520041187635,0.4651939734786321,0.7075672819598148,0.5564243761091894,0.344620060748247,0.3685850620362738,0.8995596218241214,0.641799693197786,-1.6421398201802062,-1.8195557203406303,-1.3459065329519848,2.373138575
ADI1,0.8236952940297548,0.4822332420316333,0.6353880127385616,0.4768403723900204,0.5448887060094049,0.433595148449758,0.9991169575932027,0.43418829593246433,-1.6429391928444714,-1.658558743222391,-1.5284480931079394,2.366496177
MCM7,0.768895669201261,-0.979269550119284,0.6110197951932552,-1.1263376125995102,0.07793216274510904,-1.0605906607062263,0.4972206995546934,-1.2227692028997401,1.6457739903608335,-0.5845559992693967,1.3726807085390107,2.365787283
ASCC2,0.5541778009108735,0.5982333824203658,0.7623847519147119,0.6514956257004169,0.5281263579749201,0.5121681442392834,0.7688635139014013,0.5019385200497737,-1.524754624376054,-1.6714474352536346,-1.6811860374820495,2.36513451
SNAPC1,0.18521280655526007,0.6108116273724794,0.7730583688557683,0.6485895002315353,0.3413112504665516,0.4236984379313291,1.0393479681407638,0.73165983187098,-1.8560766388821623,-1.5478829759231256,-1.3497301766193655,2.357045393
PRODH,0.393498347316644,0.7078157082496667,0.3132465240638431,0.6445418107821925,0.7397604759440575,0.5334533680933508,0.8229399995337315,0.6885257200487717,-1.7476150983478695,-1.5380998328850288,-1.5580670227993594,2.350861144
TDRD6,0.5866931643109305,0.5973775086833365,0.7337398782055241,0.7001800785742477,0.5093686463849877,0.4170449527054763,0.720863873449035,0.6119657481148916,-1.6621558579196274,-1.5312178478480458,-1.6838601446607526,2.345017709
LTA,0.821548611861816,0.49525356316231317,0.854624156230514,0.36926456013133785,0.5761582660890672,0.23558309128349297,1.0012682191265887,0.42155411367687334,-1.4365160573307614,-1.7332970155054155,-1.6054415087258331,2.335999579
EIF3A,0.49227774217952175,0.8177332525476527,0.4038237804995206,0.6004875692308544,0.14720403797574763,0.5887854886973137,0.7985969090869214,0.9349605651865975,-1.78856789103619,-1.5071328542045264,-1.4881686001634056,2.32147688
RPS28,0.6413111442950516,0.5412738210990925,0.7402461278414675,0.7022154099322606,0.49283977274733043,0.6054851056849291,0.526185547145984,0.5671099066352397,-1.2989444313554896,-1.4653977184363685,-2.052324685589517,2.317404219
SULT1B1,0.6100582243966252,1.2406992503302985,0.25732072931499433,0.6323244126667975,0.44015707750315053,0.2739704076996231,0.362490738349688,0.8779347345327595,-1.5866449346289757,-1.3269554352217066,-1.7813552049432548,2.316193547
C3orf14,0.5136174523710583,1.0900965811156722,0.2795090023605351,0.6007099331849867,0.3624640731595511,0.5897457966454658,0.5921592858208324,0.7617241395987048,-1.676230920322362,-1.413298513874609,-1.7004968300598298,2.313332521
FAM162A,0.721622198242037,0.4660833333613813,0.5878013648053176,0.24295430939298027,0.7590898235674662,0.6164851435305131,0.871423698392142,0.574663545538354,-1.5765784581603288,-1.6496506777176585,-1.6138942809522114,2.310361863
LOC401127,1.058154759953785,0.600178668077335,0.7973532132207602,0.3759418993230285,0.5745273040669182,-0.05155547559631769,0.8578680245152163,0.4996964174148009,-1.4501530462985084,-1.656615750478329,-1.6053960141987003,2.299775402
AADACL4,0.7823010702017636,0.4437124011429359,0.8648128222571584,0.4120632999354355,0.6849883835781772,0.33415090371548434,0.9799696262573516,0.28375856293798185,-1.536894715441058,-1.7022225378326876,-1.546639816752546,2.299545221
TXNL1,0.8596704735380409,0.683805990244554,0.6696463537868071,0.40039190868772917,0.42454698954286124,0.28291603865259457,0.9409068050279208,0.5334385367425962,-1.4661622201635252,-1.8423506271582129,-1.4868102489013735,2.298921618
PPP1R37,0.3003625331456135,0.4509526821705666,0.8411391414532023,0.5973634234846753,0.7327790011356572,0.3858743220373272,0.9635459666267261,0.5391700147956234,-1.6016416309441093,-1.707801354619192,-1.5017440992861015,2.297402467
NACAP1,0.6598429851242567,0.8042838153578007,0.6723699569844732,0.7615121655809297,0.21892125956035616,0.4495836452826156,0.5749917834633437,0.6889110966231009,-1.4330748847504022,-1.6447391833144882,-1.7526026399119863,2.296453369
CENPU,0.732564100455029,0.8181077525358438,0.7219749590566757,0.7184452452572243,0.19610989200551024,0.30237504039133795,0.6135227723166787,0.7132544896697972,-1.528584401488249,-1.656546908229526,-1.6312229419703272,2.296434441
ZNF575,0.5241490962845855,0.6216710929894899,0.37731207766975255,0.6441090470673125,0.5026183557821329,0.8531767617757606,0.8362097903280249,0.4928190641092563,-1.6691539895280552,-1.5307866060481525,-1.6521246904301032,2.293592162
BTBD16,0.521291302666128,0.730342751536783,0.7836276584580736,0.277178523623597,0.521291302666128,0.4302427100854058,0.9888680931796118,0.5088881838899114,-1.5715167236465246,-1.9499850742370166,-1.2402287282220998,2.291062526
NEK2,1.2733492690330008,-0.30859976070941103,1.152303678681281,-0.7688175125264041,1.3115537191038424,-0.48446526378096366,1.3681657678451788,-0.3541811427757483,-0.9596869450803233,-1.1679914993938438,-1.0616303103966238,2.279765404
AZIN1,0.4959513289799431,0.475539121698997,0.8347467257968489,0.631951654890265,0.48853818222406553,0.2825263475424387,0.8421459772448435,0.7705226127590451,-1.4428053987813363,-1.7881037996877465,-1.5910127526673634,2.278853089
SHOX2,0.14890306336024378,1.1084983364053564,0.09844084488939683,1.0218348101236532,-0.015285052790939738,0.8783222345248408,0.2310005963165999,1.001124520763631,-1.7571871822455398,-1.1423765284756164,-1.5732756428716241,2.277471126
LACTB,0.5502410356473795,0.890731624413258,0.629730566480589,0.6960761591445297,0.044894862594425246,0.05920715082318757,0.7975417982395899,0.5948886986350618,-2.0044328685402086,-1.9833260683583374,-0.2755529590794752,2.274391788
DAAM1,0.25803592564576455,1.0574849304379206,-0.02993263018219465,0.841122524704262,0.07623169394266144,0.7707404113637095,0.40241662455385696,1.166048644790295,-1.6687161555775791,-1.246479113568521,-1.626952856110186,2.27420235
SOX2,0.0739129900929383,1.5201126672161287,-0.5672104390857947,0.9613344090649109,-0.05669820978272612,1.163457536935573,-0.7257709885193403,1.054498907591181,-1.186333409389242,-0.6028063744450477,-1.6344970896785744,2.272233392
NUFIP1,0.77999843229676,0.47224641347972784,0.8755220949180303,0.63458786782514,0.4819311611853122,0.006194058064939334,0.9655414764692194,0.5388551818720949,-1.6560639878774044,-1.5328865384622745,-1.5659261597715424,2.265925687
ULK4,0.6702442146142366,0.4224544626058296,0.8020176055247283,0.3084112163030299,0.6008017292455327,0.4289803829175879,1.0836222223964076,0.48156424081425037,-1.6006087225873935,-1.5319750051205743,-1.6655123467136246,2.262876488
SRSF11,0.627328697049128,0.7132536647652502,0.5406222761146384,0.4799689472996768,0.5210929229163086,0.4220786137925182,0.7191075866421344,0.7945806175625797,-2.0052546276769925,-1.4036612402292095,-1.4091174582360309,2.259554195
RPL14,0.44090204207643013,0.4219808421416475,0.8018012393564861,0.4678525334964541,0.7737336291211256,0.567974307321101,0.8567495210859132,0.4751836257221085,-1.3836601910443547,-1.949334249168419,-1.473183300108485,2.256492619
CSF2RA,0.36946241460905205,0.6102124305010207,0.6846654380266487,0.7416576088905438,0.4246386584601262,0.5041902302909806,0.86507080241567,0.6428991167317837,-1.734344904420456,-1.690120097323619,-1.4183316981817546,2.254979526
OTUD6B,0.5164040447606782,0.3986340897901159,0.4306831922122893,0.48085613203040795,0.5815518926974556,0.27749128168254594,1.0308691124633416,1.0479433067668575,-1.506454127727765,-1.6790364449849842,-1.5789424796909297,2.246424873
ATXN1,-0.19436309962793072,1.0187775524474794,-0.09476673149284164,1.2215293035609789,-0.38964652431824487,0.8840394157019787,0.22794764001859968,1.3877100753789537,-1.4348549208929446,-1.3602277041389368,-1.2661450066370992,2.241096262
LOC152225,0.6839855889453895,0.6190475044532022,0.6142788330218116,0.5757086964443779,0.4576139509963839,0.52346369326222,0.7925429915305999,0.6019363893170321,-1.4187881297351912,-1.6874466628772729,-1.762342855358542,2.236741063
FAM98A,0.717699743362924,0.5105322518902506,0.8063553466991448,0.503436993620078,0.6292548902723526,0.006628414544206235,0.8737954253067293,0.7202287463107088,-1.4340251396693728,-1.7862379752056707,-1.5476686971313411,2.228943272
WDR33,0.49003696266516306,0.6053337621862463,0.6420318898386894,0.7129675427147703,0.4827957612318261,0.696305749125443,0.7121239075963227,0.5357338649143727,-1.5271649084680379,-1.5834072496978335,-1.7667572821069721,2.225593669
OSTC,0.4506920504346535,0.9260838013165317,0.33165040589614747,0.9323528583366072,0.3586284827353469,0.34926011662669587,0.5476863371385121,0.8611391881422699,-1.7315878299063845,-1.2991708170913352,-1.726734593629045,2.217013096
BLVRB,0.3651890762987954,0.1789085937183606,0.8983954659515987,0.2681944158842206,0.897902213047202,0.47631190918930305,1.188569103138098,0.39943492080405035,-1.413614779886799,-1.771850271409977,-1.4874406467348555,2.215386285
C19orf84,0.6044015818925037,0.5479545499128673,0.6177205444944407,0.6521807175756419,0.4941854045939377,0.48150067830637844,0.8888213335402099,0.5778341273902272,-1.4594809028650673,-1.708453891609207,-1.6966641432319371,2.215008997
PCNA,1.1477400036142469,0.04711748891941771,1.1090040743516363,-0.2927991100160158,1.021865872822813,-0.11960928858067091,1.113872524477538,-0.16144973676414665,-0.8093840027231243,-2.125587133572745,-0.9307706925289447,2.209578401
MEI1,0.6251591258237185,0.590726688695179,0.7277508544812935,0.7707208426191637,0.3921051507508375,0.5402775236400439,0.669610837690481,0.5240491208950357,-1.3111715547469993,-1.6620578454032031,-1.8671707444455479,2.20951423
SPRTN,0.6078418911789183,0.9846308314858279,0.33887864686901314,0.7324247609144735,0.13552999002482655,0.6289120927573492,0.3887966412125449,0.9026125971536804,-1.7385795939273074,-1.2041742329538248,-1.7768736247154897,2.200330062
CLIP1,0.29923139455467657,1.177875175251963,-0.10773974731982872,0.9478600088967921,-0.17384256743543858,1.0192000974155648,-0.1630353933116118,1.1627295612211919,-1.5923354822631797,-0.8802014498378345,-1.6897415971722947,2.196071428
CHPT1,0.5828028076896434,0.3506191993968897,0.4959198289231874,0.26668188641420315,0.644123638669066,0.8181728332965705,0.8784315251712687,0.7771034545805605,-1.5027710527830007,-1.75692677868882,-1.5541573426695672,2.193877662
HIST1H4H,-0.9114540372164212,1.2051998265887793,-0.9956501675795986,1.0444617595318053,-1.2244325989140863,1.0786221423895925,-0.5828056401456083,1.0222787723233253,-0.8447845929128512,1.066503002413075,-0.8579384664780069,2.189985819
SF3B6,0.7138375386300757,0.6301970064216488,0.6498646018560577,0.3810504635359378,0.5160255498926593,0.5376812055153842,0.7971940622401712,0.627498924737506,-1.3934139581901492,-1.8134200738316812,-1.6465153208076173,2.181974601
DPPA2P3,0.4822576447782404,0.5989089897597404,0.47170269753093386,0.4415294701375584,0.7374160364101243,0.725341063112399,0.7660408260512038,0.6478481462428755,-1.5760209947756845,-1.6127076048243634,-1.6823162744230176,2.180309614
RFWD2,0.45065128536717086,0.6543803998609456,0.4835268881950176,0.7804747033478358,0.49811454745845596,0.4514340378154536,0.7617598039025473,0.7754223920907429,-1.610570736693959,-1.4947020265541715,-1.7504912947900493,2.172346938
FSTL3,0.269303456514904,0.5361974399666928,0.786566362260006,0.7736739654079176,0.342953944609152,0.6354190356294481,0.8046584550800628,0.6610613719098439,-1.7369529340632877,-1.7346237551844859,-1.3382573421302624,2.168115948
TMEM106A,0.29051928928673615,0.5956835353351762,0.7367970674131314,0.7403587416200466,0.4525042322172115,0.5448940611445752,0.8014058375265617,0.6773171081576589,-1.67588816369921,-1.7466016434032912,-1.41699006559859,2.167825454
PRR11,0.8116591887988668,-0.9008684896052469,0.6101358989389939,-1.2629408040979138,0.8717813721292765,-1.1859430932426522,0.9442271783461347,-1.2232701359738554,1.1254485461098374,-0.822289365870915,1.0320597044674578,2.167744491
AASDHPPT,0.6909134080526106,0.9583769643938864,0.453302603471324,0.41091027101979005,0.44966897497547786,0.5437870777796407,0.7002468459537057,0.6257218379800836,-1.5615871460456965,-1.8098138456442587,-1.4615269919365632,2.166965474
TOP2A,0.7151104079302888,-0.9131975896234068,0.509206872392443,-1.4001648039486334,0.63660299403371,-1.0774422365326768,0.8435057148393319,-1.1732926518627729,1.2868584922261956,-0.7036969871215716,1.2765097876670999,2.159517423
BCAS2,0.7561610514899219,1.0800061546845714,0.4391912312400789,0.4057500834586904,0.378027628967844,0.33196394718186784,0.6095169064366119,0.7847902151541747,-1.6076154846963002,-1.4660831803371575,-1.7117085535802952,2.158062945
TBC1D9,-0.15143226584678451,1.3602857516727676,-0.14624506818765196,1.016330248490088,-0.6929514087989751,0.9536694723597995,0.1850782511639726,1.1432951278327608,-1.6574486528815056,-0.47004480746342825,-1.5405366483410363,2.154767082
DDIAS,0.9860491523113064,-0.8062530083299243,0.8494662504895015,-1.1859691992241597,0.6719299197069989,-1.074222801004175,1.2726516830833818,-0.9263973610052014,0.5748710077896728,-1.3579664536638107,0.9958408098464123,2.153383537
FYTTD1,0.5687618500659417,0.6992910498815812,0.5743375771117355,0.6157266278747452,0.4814087930151687,0.23259554778061176,0.807731792554268,0.8559832766044093,-1.674967900105643,-1.6372817039704815,-1.523586910812335,2.152677047
USP49,0.21455989659298313,0.6213073126605267,0.7002081492221233,0.6279659132051986,0.2851553819375696,0.6241712268732886,0.8674607392474334,0.8445494255453362,-1.8454535966468302,-1.5683913759186883,-1.371533072718951,2.145816885
TSC22D2,0.6174873119684737,0.7986639190720535,0.6597546896636539,0.7843359944296184,0.25943247515404466,-0.06104737928560069,0.6303108045234517,1.0169498509995365,-1.6529729385702077,-1.3933939278232288,-1.6595208001317996,2.143315473
NMD3,0.8066036920824785,0.28315656738159545,0.626926822004057,0.3554007445594096,0.7538927317956827,0.12789621841694992,1.0186683592853458,0.733425942038549,-1.366481049702902,-1.9401041252925895,-1.3993859025685818,2.132961166
CDK1,1.3001650375328,-0.23237538115926987,1.0771357035892961,-0.543357005845708,1.0552573823505658,-0.735001024354309,1.364504574333539,-0.5157572157304011,-0.410878013292239,-1.9097589226311686,-0.4499351347930899,2.123791424
HNRNPCL2,0.6674403935304081,0.4478239909601398,0.9212899313957219,0.5027857110183095,0.6149779156240122,0.24348393595157622,0.943516620964521,0.45288009467928925,-1.55437867696945,-1.786181585939722,-1.4536383312148142,2.120483809
TPI1P2,0.46499425384097404,0.16129603039872337,0.8791740569075649,0.5470806981933058,0.7503869839860415,0.49411007782547073,1.0637424361756245,0.40568157280324924,-1.5355655431531958,-1.6646841328824638,-1.5662164340952907,2.117859985
NACAD,0.3972157532193599,0.44692186059503175,0.813509816312943,0.6892806400225964,0.5737135794526694,0.5988337150418844,0.7494101599818398,0.5713531529188548,-1.8154423048343038,-1.3402963838502397,-1.6844999888606327,2.111092265
BLZF1,0.30672343245433314,0.6117204912331589,0.756709623342032,0.560454413644862,0.47099149796612916,0.6057996203004257,0.8190231796218925,0.7206067518009786,-1.6559008702604554,-1.688826689105897,-1.5073014509974763,2.109838445
SUMO1P3,0.9923707547904066,0.6008297882359346,0.8346557115890298,0.3641126633576069,0.44868030797062824,0.11127708997611402,0.9881062325406911,0.3898443569321674,-1.4614208916888003,-1.6880477232440707,-1.5804082904597025,2.105503362
PAPSS1,0.37280186730980847,0.8622575102868152,0.438735038272321,0.7245996923292221,0.41190336841357694,0.5733199756882899,0.6758095796353919,0.7836640714928113,-1.6537809256590272,-1.5241270577239698,-1.665183120045241,2.104162084
